patient_id,BRCA1_prom,ESR1_prom,GSTP1_prom,RASSF1A_prom,CDKN2A_prom,PTEN_prom,APC_prom,TIMP3_prom,CDH1_prom,MLH1_prom,CpG1_prom,CpG2_prom,CpG3_prom,CpG4_prom,CpG5_prom,CpG6_prom,CpG7_prom,CpG8_prom,CpG9_prom,CpG10_prom,CpG11_prom,CpG12_prom,CpG13_prom,CpG14_prom,CpG15_prom,CpG16_prom,CpG17_prom,CpG18_prom,CpG19_prom,CpG20_prom,CpG21_prom,CpG22_prom,CpG23_prom,CpG24_prom,CpG25_prom
SYN-0000,0.8431086676637215,0.99,0.663128589043825,0.5459778370164345,0.42770415293862296,0.28518891945298436,0.43739467251186065,0.7074703953708819,0.6138896500980634,0.258207640872205,0.42079469835441524,0.49170163123188193,0.5989111922834732,0.7755185689634125,0.3830485857116701,0.867365246721221,0.49968119746677425,0.44043530589956603,0.3445078177997267,0.6696269659750433,0.5102810829050968,0.4934230719517596,0.4962718117889415,0.5177097735721232,0.01,0.836963460798415,0.3996794375426923,0.47646182704910855,0.24655522433676752,0.47025923369591877,0.5733664531099036,0.3816399536575223,0.3480235759256966,0.3545236938147268,0.18608491574765573
SYN-0001,0.9091820081671433,0.970769125813999,0.407398557669619,0.5936877964776524,0.3024751625999548,0.5742448190644321,0.7828099112811914,0.5714950566645994,0.8819290889321729,0.44806345662139546,0.5718943414381255,0.6868244280597279,0.6212997648958601,0.28257436297821964,0.36211697023437384,0.9796276285690853,0.26348085059432236,0.3962304324013984,0.45741215119036766,0.40258877834233675,0.34509442394837947,0.32019590361831973,0.639388468414763,0.4447898879566424,0.35016793925945044,0.6028494325649022,0.19877462311910432,0.5739550022377851,0.2510646820316973,0.3933569689125888,0.5220758026923705,0.48675713395153064,0.2508207582308828,0.32928255822963604,0.3974144156249475
SYN-0002,0.01,0.01,0.04526484994682359,0.01,0.01,0.01,0.12560123488835223,0.1591299009435388,0.01,0.31814661256424615,0.21184620949517563,0.2779916054036173,0.3030009230125188,0.5293987888424773,0.4404246524772423,0.09870792396413733,0.5393995098726962,0.7227151006824882,0.3072924865479607,0.06759653593854946,0.576780971967438,0.16736298425105045,0.5926328326956655,0.3055625589683686,0.2976938388795971,0.6389337109948473,0.4095219939054228,0.5410893766021152,0.4726710949896626,0.07974383432987123,0.3042612625820472,0.1932575671848803,0.1846710080253237,0.17148050515080884,0.08434597561155471
SYN-0003,0.2063515759865087,0.8518659448258135,0.5418313247490675,0.5877519224994171,0.5187853495635117,0.3578203161414947,0.2769959938576143,0.31263828595055165,0.01,0.31972740006375316,0.3868265796844728,0.3792454249343063,0.27975348209613204,0.6650118861208704,0.49015201909399214,0.6355319268775387,0.44769185571621967,0.5730604285054433,0.24543682384258456,0.26126003304803436,0.99,0.18176542867450723,0.2217711685844796,0.3792788870035704,0.3526256867373544,0.5254280557207007,0.06454291180011248,0.5391419544418753,0.5852918828419035,0.6307304640204778,0.6060985011268081,0.39044939943044576,0.45221675927007404,0.3327352391106092,0.22871969984500745
SYN-0004,0.01,0.01,0.6171785259095002,0.41716196877289224,0.19645796595347173,0.5741514135780784,0.31787524433219094,0.31932097767884426,0.399896191706793,0.312196123957106,0.26419095134666526,0.3752154383623954,0.33531106639779623,0.5021641215958857,0.6887598472289191,0.3611584205040922,0.43790264236904297,0.2839530633507614,0.35503667417050133,0.2604588238315225,0.5436967498696315,0.1044200731614493,0.3270790578778337,0.5550060901321519,0.38320417302173604,0.3435631621873205,0.050034600551833286,0.6564030389929514,0.4208885390263155,0.5670289027091273,0.6965900479613687,0.051323245262731465,0.01,0.29045764517814343,0.2102154116111914
SYN-0005,0.7963025162230108,0.99,0.6577089494836105,0.49536328038776833,0.5851502036649094,0.7836611724267676,0.6839101482170974,0.4760214684838698,0.5131237556197791,0.21980387273821386,0.1870321720502213,0.6812869079232206,0.35948476903054183,0.37084791632008507,0.4093396440940938,0.7932620509807279,0.7201670685637525,0.36942016087632,0.18230123502940826,0.6950717000754596,0.14745203961892794,0.6357736124042613,0.3076697868175363,0.48282734435566316,0.036047314091743415,0.6595053201306982,0.4323341187902414,0.7501887266396934,0.8825453022394338,0.34272747794164654,0.4652962721471118,0.44755461746675834,0.19880636082883008,0.05068408333715335,0.20183429403628492
SYN-0006,0.15450695473611786,0.55431208575125,0.5682573855320849,0.5138435293480553,0.6627200369454669,0.4923479017085456,0.22549418113702446,0.4492473662822269,0.1555919690268216,0.20166136546024402,0.6865214050022641,0.4938312332944922,0.45528843353862014,0.3467002783640992,0.5465457425343632,0.7601687415097678,0.5798898249391946,0.25272955309343925,0.524547643427514,0.5665550887191102,0.7521808998202025,0.23155572733009538,0.20200064550161365,0.6703075227002142,0.22377963952351065,0.6906793265467654,0.09359805131228931,0.5221076222836719,0.349130087845762,0.5758147231952152,0.5696067388262462,0.3642205193947044,0.20065011709763916,0.23653767514582696,0.293821587587111
SYN-0007,0.01,0.01,0.2448311183449366,0.1157042168629,0.6994960616351696,0.26977039364511946,0.18942335992662224,0.15255891586529102,0.36600141653612345,0.09991096800486335,0.491184273358687,0.5230271030448711,0.5156628313681285,0.3714266455432602,0.4014981826697145,0.01,0.5284023343935276,0.21523787903451974,0.4427297269806776,0.01,0.3984879875764341,0.5351255342598822,0.49095878115084446,0.6998299994406101,0.01,0.3765357408052021,0.40093737022971665,0.30167052120172966,0.5122907765981222,0.5735055531226356,0.03758284372793874,0.5423512726742755,0.31766328803042054,0.15897110182036872,0.21962907655229938
SYN-0008,0.01,0.11962160624630767,0.01455879796058801,0.24113538552589853,0.2896416390389218,0.04099446157153752,0.08074181545593218,0.03489847684248426,0.01,0.509056664023172,0.36059274393630325,0.22761114200070276,0.7014416480971823,0.35877818863126476,0.5501224334697615,0.540802903107805,0.4836767132809033,0.7439054219871064,0.22822536916358885,0.3985893928503435,0.4664944396680923,0.1961200440018856,0.54762208292961,0.49615707184523644,0.17061814909021777,0.3264678289716267,0.02318768532793644,0.31540541537140937,0.2865150238957044,0.4092368362432351,0.3684719330142394,0.3046053436951615,0.19715633583769246,0.13177275518964277,0.03599000948772868
SYN-0009,0.01,0.01,0.18450748709392373,0.28879728391160897,0.3195204102534212,0.01,0.22743940821111733,0.11909670662843086,0.01,0.02967942940325699,0.06317325224144427,0.7175725268974238,0.37802315081853116,0.7349623888763813,0.620739083793859,0.17944571983383878,0.2797974338246826,0.6113125921955997,0.35652472384304473,0.12245857710442168,0.40772822255490715,0.08101427735840154,0.3372777307350696,0.4977168528306852,0.468902476380318,0.599702316052301,0.15323508498237604,0.5143032087933883,0.5481673919487317,0.5570691418325822,0.27792816513465873,0.2443498381896077,0.40919610775653653,0.27522226840935266,0.01
SYN-0010,0.99,0.99,0.7313275866779557,0.7066536617206107,0.616711155811166,0.569416356623159,0.6477136205213254,0.4504253492618998,0.5978635259758124,0.47118772513054114,0.15244240910073126,0.6532508783236458,0.6926962530671145,0.4866820325846379,0.6629850192501784,0.5041675849892073,0.20424862160216764,0.4191124139078687,0.33788526782181777,0.8003110118887145,0.30941701358944157,0.5150437695372251,0.2295249292576892,0.5840098606408597,0.3469434623118761,0.5802861870398579,0.042991903584963714,0.7525059032299634,0.17847212809395743,0.30436853240616346,0.8634841936753693,0.2773454620011695,0.01,0.059906259962494796,0.12188345333917372
SYN-0011,0.01,0.12636597617599632,0.022100966005664087,0.07003310661495311,0.01,0.01,0.0762654020490211,0.01,0.16383594656534983,0.01,0.028169376469581675,0.041839439778785015,0.5551451368758407,0.3221043974920118,0.2537566978383817,0.5417273567346252,0.3624588517357442,0.40390787754851804,0.42160489930666445,0.14277507770263628,0.48678256660468033,0.2899752840351918,0.552763587400219,0.7567132076994738,0.2330061880830667,0.4975304946934561,0.32621061075617297,0.4334644057678667,0.37995937848284,0.1272139545345286,0.4026685880551568,0.3313475043339833,0.17328081221170405,0.5811865263106458,0.044112526705458704
SYN-0012,0.7621504086026316,0.99,0.6961272114295667,0.7971947033502135,0.37432738089793394,0.401535556876585,0.5909260337287314,0.5773374531109574,0.4227486235245461,0.05756156117510658,0.3459586375315424,0.6261880930238801,0.5048041841828843,0.23747052760177337,0.3916286301342955,0.6792625965747096,0.5148258279985006,0.4806540983285537,0.19413276579516614,0.6462598780286554,0.1954640143272974,0.2519116147227337,0.2974704897509716,0.5158883446976312,0.3177600190383941,0.5785819629808074,0.30571144411177253,0.6200896903409698,0.35894587967567426,0.3639708467639629,0.7041515777002189,0.5012682947009315,0.30369515944714254,0.46092983286926487,0.5264888263317204
SYN-0013,0.01,0.01,0.01,0.536954453946368,0.22264782192061422,0.1757480124961054,0.12080208512611636,0.01,0.01,0.2673215931974295,0.01,0.20666315315019568,0.6099847739280353,0.47548646038769654,0.5957780617827915,0.3809730486569821,0.6675176017311544,0.22368721958425172,0.3906043409915901,0.2640978682920156,0.5074769528835089,0.23968523240444156,0.6257502824991554,0.4719263023945002,0.45066397110456946,0.4850008727016489,0.20564566508576598,0.28918851890950936,0.01,0.271979654861711,0.3889270146711783,0.3776147578320515,0.4554376359267241,0.21887849520418562,0.3407001052115813
SYN-0014,0.01,0.01,0.01,0.01,0.01,0.01,0.24254851475609374,0.36424287589915194,0.01,0.01,0.17863806243870467,0.10830027454459551,0.4441487157344144,0.5289793893782029,0.39717261505491974,0.37184798600206487,0.7328877517568778,0.3746083636992177,0.2885906012807662,0.26363268901165066,0.2495172543894692,0.19304487504310405,0.2658474438125924,0.23308986104055351,0.5165205888778279,0.3609855898290161,0.04511657505372246,0.23964838882209683,0.2771337430065205,0.4201263046375777,0.20910893615839046,0.20006801817912934,0.20103104118598772,0.13929009197007958,0.28005993699458154
SYN-0015,0.07145142594121891,0.07644652308717179,0.39112229997232645,0.4661629728422809,0.11386559763651444,0.34180257884084286,0.4143567582827476,0.09447278276588322,0.25686178213816185,0.1073585433636775,0.06230144322658043,0.4348359116486909,0.5356535901723585,0.38929656952942043,0.5203849665583397,0.31661606045486523,0.4661713168298346,0.07104944640253957,0.4021126598517586,0.13363429327267218,0.5028649406553418,0.36823267603299437,0.5605780780743499,0.5399113692656815,0.01,0.7074648358303098,0.3517226679781038,0.44370561183234725,0.4069108642563606,0.5447840004300237,0.5557452955194744,0.2485660715369375,0.11883884058187438,0.33560846922289944,0.16572251805625204
SYN-0016,0.01,0.01,0.01,0.01,0.11076562786738524,0.018201114548473563,0.19295449601548817,0.16338541891751862,0.4188368616956412,0.4634523355757749,0.31540874172808686,0.29689329231066475,0.6575573395084425,0.33741479422032494,0.7607355285606487,0.3126009024634882,0.640479543033926,0.6260293566713423,0.5053897749864903,0.01,0.38372551568907115,0.4412392264688443,0.45208880823177594,0.5814180458124313,0.446592045676933,0.7329765123055617,0.2416731788956183,0.47999769339223985,0.29206851027037656,0.17989970082166062,0.25106876462329264,0.4863814810258985,0.41151874690703116,0.05411367174538348,0.01
SYN-0017,0.8776520173789787,0.99,0.6837017959515023,0.9008542221326243,0.2494072114310747,0.6310674659841514,0.7462507312643376,0.5672869465535072,0.6070804404342323,0.4433683666250344,0.2968090171060135,0.6527448876156628,0.5543136143367607,0.4017457580063696,0.3646563883675802,0.9067029987236805,0.66938033001205,0.36237396090789276,0.39831025692940863,0.5411365246982611,0.12957932133260255,0.45107618863710114,0.8112844186654453,0.6730584340174107,0.4452449428628765,0.6056198035193316,0.061637104839271886,0.9155902531551583,0.10154355889802694,0.484697964741065,0.5973439723954611,0.3767274058267361,0.08047994699659755,0.35684057971726013,0.2512045853342747
SYN-0018,0.8501037190543761,0.99,0.5164799172985675,0.34059413533648775,0.3777328408370919,0.43944774099516953,0.6706067143488329,0.5370380772062623,0.7844720159393967,0.255866051964765,0.5991463859781934,0.5878761917446116,0.6736362825472184,0.19282238970768914,0.2405962320473986,0.9212475897667178,0.1542640332260246,0.22386771833035993,0.6095325609595913,0.5826083179006831,0.3211628362402322,0.37349228307936877,0.33707738749245514,0.4879330046378138,0.4372795670369391,0.550152629130877,0.08943386767901042,0.45050944097719126,0.5050668106492966,0.6825665635695044,0.45277950423899677,0.18215440409112185,0.01051760716481931,0.1878427458420528,0.10849383844699699
SYN-0019,0.01,0.01,0.01,0.07583079332133819,0.2267673825091679,0.01,0.17677855485940575,0.1923552628622165,0.01,0.05627289019278768,0.01,0.3595485284929745,0.23993865675362339,0.5500245119964177,0.350480343419603,0.2613222996536876,0.7402860963703184,0.7347894155847485,0.1528150571795071,0.2511629692109776,0.45792917826654733,0.1773242978450476,0.4873470582253428,0.5848363824714432,0.18087786483031082,0.4052628269841233,0.4098624341022451,0.36338525220971046,0.3698944741796084,0.45963882297856307,0.17583330869847638,0.411498886159436,0.24597318348526082,0.25213584120203586,0.01
SYN-0020,0.9096244332175879,0.99,0.6745777229704496,0.9634214192236279,0.5195188539704674,0.7705303766451362,0.5629206596249179,0.5233492752728419,0.44769438659166416,0.46670997581909124,0.503113370879843,0.7706168881458916,0.8072387855430657,0.21913929407175775,0.2820448365098167,0.6394572228399032,0.6236985674335528,0.2260594396390506,0.29521560932553226,0.8261466455500934,0.36095114086592617,0.5264549632437722,0.6898392023338189,0.5258677619845529,0.3122126922221369,0.40083988753119937,0.17320615197267802,0.7445749140856197,0.3093238081726981,0.4412310323018326,0.5570360075904106,0.6114394031885184,0.3671586817278717,0.024830473677037307,0.30917816656864916
SYN-0021,0.7758549874110311,0.99,0.3690098485126643,0.8864342157739604,0.48760013436723304,0.4257928133812008,0.8475535892145833,0.3756110553544131,0.7132838787476358,0.5427130456563749,0.4202656252908153,0.6759157657730133,0.6863170496399372,0.5457407195202792,0.6738081382342314,0.7302269315493863,0.4924561376496346,0.36370385260495797,0.21442761584453657,0.6845240931556417,0.2659350729282989,0.42382018448474057,0.6988078001863288,0.7326871332282934,0.28208761845948815,0.5573698870221963,0.048051355085542646,0.4613673342206953,0.5322296838327284,0.5070164085958698,0.5728479176421776,0.4762616472115072,0.14484857600223439,0.31858432244911694,0.22907317856733345
SYN-0022,0.3530705087319562,0.6767377566252544,0.3771643487376257,0.5969303028753196,0.4619661263562116,0.39594265508391013,0.19361374662525188,0.4593291833793479,0.24439453936547945,0.27241785402896707,0.5166206474317039,0.7869350674974721,0.5367888494281393,0.1576878231722061,0.32502234548887166,0.5867450410297654,0.48640270067931857,0.5980267700189109,0.6054350288509686,0.44559608282497964,0.8842958537564343,0.23147067814714628,0.15340828053547156,0.791434230147964,0.6178044864960561,0.3171202350171553,0.35404089002220723,0.4201248099375538,0.2701265191866612,0.2686976305043055,0.4780747572930101,0.2787103639374167,0.12273546339909705,0.35681794326096916,0.546514093259325
SYN-0023,0.01,0.01,0.30419788067668435,0.36662836030724005,0.27019269688306796,0.038474151582413824,0.14934401081531823,0.01,0.05416367587906497,0.1890023694452584,0.14196084586544855,0.1905952396277354,0.69379243677711,0.44956163952267536,0.7034707374276826,0.16893741967071585,0.6072488396404216,0.5686644825135854,0.5415979839154941,0.30678604091645567,0.12736868041520616,0.14087980728536798,0.40699118392592937,0.5292971861129551,0.1637062790573625,0.49999047113493583,0.25522770278555906,0.6026022945715929,0.4180440493069706,0.31875656457884893,0.48102154971239225,0.4413869447318569,0.14574302776792827,0.12407728596423223,0.3014981353012933
SYN-0024,0.99,0.99,0.6840501163489108,0.46756269359536096,0.3553666253525615,0.7022878761646291,0.9048331995365924,0.5396387513410965,0.47983411342004234,0.26470673572918024,0.34460229605523146,0.532629496124355,0.5921380286398228,0.1959812228120323,0.3181786578118875,0.6372445620451761,0.3707362284197814,0.3229238914349667,0.20082079296902505,0.7356337071357998,0.4027931353245022,0.46862500646707766,0.4749860876540994,0.6058555822553021,0.460759710290958,0.5170086250837458,0.01,0.6524894233667131,0.17862556918200723,0.21155700208890632,0.4261083340707933,0.37787163839984217,0.3716299949414442,0.29659586742147515,0.25522767836565385
SYN-0025,0.01,0.01,0.03916368526957924,0.01,0.22810260993831813,0.07811386328228637,0.28556753811806157,0.01,0.01,0.06338832221084487,0.08534365454532006,0.2607030116340636,0.40719518050139564,0.41268473782216414,0.3112738278432813,0.2976105802147619,0.417368941938138,0.5457318830465858,0.41082501106372044,0.01,0.2625363872778047,0.283967717286016,0.5483333922828447,0.6084695261563916,0.5085943959297199,0.6218509993277763,0.32716627593489056,0.22016437193303712,0.37412410263656287,0.2815307400856974,0.5801428310848049,0.2857678733713511,0.25153717116101715,0.3191360716024872,0.05804125686102812
SYN-0026,0.16644886355511243,0.2983203828976022,0.37757898002608137,0.4162363732601023,0.4582058927267929,0.5964709239903805,0.5006562559389631,0.07481093769813299,0.2190298544465015,0.04610022079056725,0.21150439066182797,0.6210658678156078,0.9262951979724332,0.4546924436991011,0.4428043162201833,0.621951200414711,0.15906861946892026,0.4193363096953982,0.5802457312586115,0.4996643955840452,0.744948909239831,0.2681649534073494,0.01,0.5020766172557348,0.16117740505401745,0.7856832567293661,0.30810064448919006,0.4167406389529271,0.3403888493240683,0.5121789293186281,0.377581436222759,0.30306961425750933,0.5794983732897019,0.10509580303501662,0.3297289219386966
SYN-0027,0.01,0.01,0.08207329691120205,0.27139384378234843,0.3255984848583371,0.3452322571231855,0.32444141789408865,0.01,0.01,0.3637060379468929,0.01,0.4566707551211734,0.545266187472247,0.30486333604689186,0.18503682970241098,0.4757423293741747,0.8067801232300691,0.3888770128118231,0.4926387244325257,0.01,0.01,0.32588894984893435,0.533754430744276,0.48198168950327147,0.3964418622482938,0.48576105884422704,0.36033094405728266,0.47490961170651846,0.4107430067202491,0.11000187718234317,0.47888265443724765,0.36451574813830734,0.2958978349067841,0.17025845073583995,0.01
SYN-0028,0.01,0.06679784321050171,0.38654463505038983,0.3910506135301819,0.05228258165541125,0.1996624907339719,0.01,0.36945582313906244,0.01,0.1293197711926022,0.27573972083409,0.32894527590265105,0.4944702397081735,0.5100204008760437,0.3734814613709796,0.5152938603920517,0.4490252950057344,0.6022392522370058,0.3911823550112602,0.48298470422845724,0.37776089987677247,0.17575115051348233,0.3981353601414317,0.42435686179356624,0.01,0.5155064662758442,0.37756553196623316,0.16340424421401634,0.2552618405027812,0.466160587683416,0.6417369491522462,0.20354239475632935,0.505151199578366,0.25549231171852743,0.14995058932695604
SYN-0029,0.9313668513178882,0.99,0.4440337988504544,0.4462807772690097,0.36580557957071264,0.14920025679321552,0.5977435240174086,0.5295418069999869,0.7875388772262459,0.2090950838122156,0.23290823091403157,0.48502358942839113,0.7575804785818913,0.4385966332463544,0.4182000929354745,0.5117789793935092,0.5643879748344685,0.04311826894328097,0.40255422018978726,0.6119066192806414,0.48524819077318304,0.10805457242204386,0.20957874294375411,0.5569699402042955,0.22954220350253557,0.37582696588915254,0.07888315380571316,0.6955116665341639,0.28719115724343636,0.5587428458941694,0.7078696173335414,0.426242454479215,0.08345616769125769,0.37947267442774646,0.4862825061865428
SYN-0030,0.01,0.01,0.36005322225534914,0.3563260094062253,0.2697456325085074,0.01,0.25059686845078144,0.01,0.01,0.3078204709403841,0.35892169671942165,0.25065354430573283,0.5856190480571991,0.43849006365570176,0.5704568524921446,0.07652037307125134,0.9289147481257674,0.39335812505985135,0.5505714974475828,0.23018604372561102,0.5027179332027448,0.19393374758825163,0.8186431376930268,0.678247755158614,0.06199930842395268,0.30594913808441493,0.38584322714605507,0.7360486986073992,0.17872513415636876,0.0529639708710255,0.355809147462705,0.3757968585061467,0.09178516466540423,0.48088386903132263,0.4504026235541292
SYN-0031,0.8453381564792778,0.99,0.5236846370911781,0.6279669579647196,0.34720505625111264,0.622154170547113,0.6084005259678975,0.6078313643760632,0.4979239969881237,0.22182123076903834,0.5885368550770698,0.5602544843906295,0.601974339509618,0.33533946523926206,0.4148321905876259,0.7873418197113654,0.061923808764473454,0.3326002858952013,0.24828532336182968,0.3854574604464809,0.2360173152546528,0.6468387712934074,0.6834807401316221,0.630012731537491,0.01,0.5378764067560791,0.3480110200983268,0.7853456832660771,0.5972624674748517,0.4958559294880477,0.6474026656033505,0.24073010096503056,0.4890313507711608,0.40368939355507366,0.2483105248505794
SYN-0032,0.01,0.06296128850675167,0.01,0.01,0.11301301982488365,0.06729989634814244,0.01,0.19678983760784444,0.01,0.21374585765521031,0.11717944751110529,0.2340187439460309,0.5220439209428204,0.6223474394889049,0.4276280030003265,0.21146690111189936,0.664274898827607,0.45979914611366063,0.4011744006711307,0.23974515955862077,0.5429683197616103,0.21389586211333458,0.9037367415809703,0.29359608911254165,0.12261162823065394,0.7261567971741644,0.4337612463759286,0.5614146815360009,0.444006596036824,0.3398738870684129,0.1645201120855019,0.33462099657515754,0.2886343634346328,0.20771823182465493,0.25280434404464747
SYN-0033,0.9634592835255928,0.99,0.596467721478831,0.7543037601039317,0.6658502089461812,0.8228467086879201,0.5709063890867676,0.35964397908830703,0.99,0.3242277337826554,0.3360353559774284,0.4279796423854477,0.6728092142038024,0.365448286941376,0.6222853045948408,0.7678679827124887,0.39928877927805806,0.20014741214640047,0.15528243162955008,0.46215076252548076,0.33213888872534725,0.3620509328486414,0.5453444912741894,0.5861789170436535,0.23659401758723334,0.6276954530065739,0.5096159363548194,0.9094444341631951,0.5092108986304739,0.4497001676888602,0.7344074778706157,0.6165218835707629,0.10939126068038688,0.12584076092049,0.39282858251243313
SYN-0034,0.9805601689817283,0.9116431296215681,0.4367637910882489,0.7363751217529841,0.2593518845917994,0.34051285979778134,0.7629732232473323,0.3425908201439644,0.3837140666761614,0.21431265688109957,0.10700305703759039,0.4381751493829974,0.6933487549436389,0.5261610376972998,0.3184487888644555,0.99,0.3244519251955179,0.308711230025988,0.0831311098896299,0.4079547602050968,0.2941200386172671,0.42536272536151115,0.5649181184037373,0.1757991472979899,0.01821145966369797,0.3040260298637129,0.18162537986807092,0.36487368040168683,0.2666607975249966,0.5571071388013804,0.45017119884939477,0.37775201405355247,0.7619748852143355,0.488722775630297,0.5193690390147437
SYN-0035,0.8133557944006398,0.99,0.9767933157961877,0.4839968525492675,0.6021872625063847,0.439460983709304,0.9076963069073314,0.6189804677770092,0.701096133024637,0.44395842908998484,0.6860240314147779,0.6309702220311048,0.5158004042209926,0.589629350979999,0.5164606860120562,0.8661166797222526,0.4797545192279249,0.2785192429524197,0.23503534349765737,0.49237246955325326,0.18848111699580566,0.5637193949236552,0.5308030096410491,0.657923739137152,0.10371160897041751,0.99,0.19697560954499607,0.6156700941125942,0.2376030481935869,0.6321826552070186,0.760752737270208,0.42826084310463747,0.059146911428812565,0.37592884102143553,0.13797559623380076
SYN-0036,0.8712133733339673,0.99,0.6409396314399661,0.45143485499414493,0.520644605836189,0.01,0.4679930895420776,0.48669545573046263,0.6117074955222543,0.5394444771939753,0.10488805212517316,0.43172121367925376,0.4745106678040085,0.6732231293415438,0.5075296640696382,0.843784853215683,0.38828693154478017,0.44182390640948466,0.28287929141498813,0.613732728285979,0.3799238620207485,0.37551605652053893,0.4987177967539442,0.24230811987261147,0.3347842652547338,0.48333898629320593,0.28710347310736367,0.5560762224646068,0.3812722552129819,0.41131870796400993,0.6702123273041725,0.6462350206646085,0.34432219775448836,0.14402576449826304,0.4980798713868948
SYN-0037,0.027541215695516374,0.023238643168164902,0.5109319893691222,0.36742587039500996,0.24458522452512546,0.11060033073312772,0.12827245885149058,0.39559875148498397,0.3525072125516008,0.1593189277352972,0.19095072918999176,0.4677263337642871,0.31012906919429034,0.4041630029921988,0.2207027982901104,0.2910131062578396,0.34608355618230136,0.40035942943325264,0.36762764709602386,0.08903962666940059,0.4192865416751921,0.2769761182371437,0.5679548798130384,0.3476609018420058,0.05683366560285469,0.49374650454383967,0.1322931269663457,0.277197046634871,0.1778765613727769,0.3334315466474784,0.5985776524681448,0.27068556000432153,0.19962367897671096,0.03590820591477126,0.11939378301487363
SYN-0038,0.01,0.01,0.010812855824812811,0.14251829889019668,0.14389884744086384,0.01,0.0646747838128623,0.08610605360800719,0.290095335359142,0.3157872517599293,0.09548317413245443,0.32519089486177144,0.4343500011546333,0.3591103154849234,0.35438168444949397,0.12929000428433987,0.5387563492755855,0.49872306341233347,0.6831562864732282,0.1718566690331325,0.7178071878955358,0.01,0.639723338666549,0.6889162673834188,0.3739852031838536,0.4750728167819759,0.40386953167383527,0.01,0.1729245178767867,0.28478972407258185,0.23605148199031095,0.5238433261518753,0.20618018170222827,0.06623215187731474,0.26415115343672363
SYN-0039,0.3593588330616828,0.2547380167968063,0.5776791978884517,0.6849539462779419,0.6900090141741115,0.23769916697917742,0.2949873143241302,0.4306898138900259,0.6041447821867126,0.4357788822420041,0.45612641932307485,0.5262736668392436,0.5323591119645672,0.3330104060865483,0.5479231822780021,0.4837055942518276,0.5139474475282184,0.3994757944231314,0.38760509218680045,0.6555107825892723,0.9472543742986688,0.4494673963810901,0.26421915054138606,0.6720723973236,0.12165638114968597,0.5251930947946684,0.29108872798306346,0.7128233589735038,0.11432475773354309,0.24197285930516577,0.7095522110765082,0.3072578953437878,0.061646372802819954,0.014994149247547939,0.2757131714586508
SYN-0040,0.01,0.01,0.1616522682878104,0.032871183204439214,0.11721508791597243,0.01,0.2550741696053279,0.01,0.022984979772181523,0.04202133386893542,0.25514057081079533,0.3359673916571672,0.549766777802589,0.47053010023460334,0.5351042545305644,0.2845597642098125,0.564983302750175,0.5065345979016292,0.7182183894575802,0.01,0.4533176514024388,0.21010852844712732,0.9404417028614089,0.6639588908460823,0.2608769738393825,0.6424581377886742,0.8092267145343208,0.30385033607606615,0.20525878016671487,0.20257382244744343,0.24618754226946063,0.10013588262413864,0.322543600719178,0.201229826205352,0.01
SYN-0041,0.01,0.13491626645937044,0.1543854895141913,0.09249803408983906,0.36688547458566245,0.27891117863755205,0.35205079157497704,0.012067444649764919,0.32551018393534964,0.01,0.1919745324322231,0.1700175996484395,0.5733670684858075,0.4882660375971048,0.47044873659605646,0.1577252395658931,0.6359240957802867,0.4057340435418876,0.3332226831812839,0.24045021535333472,0.3671114706649211,0.18603693474507563,0.458622470834039,0.7164898341454602,0.44280639378640063,0.6214400363938389,0.2866799465998873,0.35436047063735593,0.2482208228537988,0.4805586578267075,0.32424868242804494,0.04070188786236839,0.15960353463422583,0.042672995176580714,0.5320454941131167
SYN-0042,0.01,0.12033635407163859,0.28632738533071833,0.5920634134583898,0.28418613765038,0.31110788670129247,0.19827280201526007,0.02116960900112505,0.30811938925771476,0.28308917306218345,0.1320784974127533,0.4929388838756163,0.48842587292066836,0.35032629817779487,0.5502010629995093,0.5025001099251427,0.7182170995989552,0.5030346094505842,0.32885634876495273,0.4363362120422416,0.5849463391081673,0.3751583578339792,0.5496657482898964,0.4406613059066168,0.21495594932717715,0.4378722023833397,0.1428883657646116,0.5451917716448851,0.3461952475794422,0.5203936800929849,0.5786641293965155,0.27098762957502204,0.3056672679639145,0.4238798696572292,0.23834712645371486
SYN-0043,0.5379908659197494,0.99,0.853998785682994,0.6160217809186339,0.567419267306502,0.39561686914000327,0.49826740145715587,0.48718495262918365,0.7951619065464013,0.3479512323027021,0.37953301395825717,0.6350391387027805,0.7504866246150748,0.4363024395227388,0.5401014699243247,0.7670920784123996,0.5729416025954747,0.13880585527776693,0.2046042960500026,0.2535606400215118,0.5411201116813862,0.7518293792184345,0.5117563971230338,0.6323464111161731,0.4065862777843632,0.3685891395598325,0.13702746823009695,0.6910297018375996,0.2571420710296014,0.5168307105528764,0.726449973227275,0.15501491328062433,0.44021458663508034,0.1511183319212773,0.3102016596715861
SYN-0044,0.01,0.01,0.01,0.2508343732029171,0.2442757220122531,0.07639419853307172,0.01,0.08774315988827147,0.23346221708003995,0.09533313331166987,0.25511417589683477,0.3246749461799254,0.5873649374403973,0.4770051817063997,0.3649899342070331,0.3994176555663884,0.6437372489140549,0.40507703447093735,0.7340678568853258,0.26582731597384474,0.05340391040240122,0.1820762231440109,0.6160824495785506,0.5972260984242523,0.37408250810287114,0.38056791633738185,0.5289607222789767,0.470905855634719,0.37784935333253683,0.3889779852037442,0.3776309781470445,0.20962833917026952,0.3150801086031838,0.16642820623467977,0.01
SYN-0045,0.5689666708237032,0.8460905108472131,0.25227727876114603,0.43603222725904994,0.30440630055363516,0.18478394979696244,0.3440066324068388,0.2070467417037736,0.34941716407062307,0.26159094693866386,0.4631725521423583,0.5825533691447837,0.7086151129435313,0.21882939689098502,0.5550036286748895,0.5269261898472498,0.3538364897103339,0.34587425241365427,0.4499993262152827,0.44423554140972576,0.6092706482382827,0.5059241594177073,0.42412455734109206,0.2648312231584609,0.13479188313592333,0.4532525891408979,0.28196755435029003,0.621537182944321,0.28531461923149837,0.3319590771215244,0.7059903349562467,0.35863562552665207,0.2671002350889769,0.29273540399109416,0.47610304080121
SYN-0046,0.01,0.01,0.10826037675126193,0.37476593479578535,0.10010858467705024,0.19537256592008428,0.3749090455830604,0.2648758681117399,0.09556555029520668,0.23007374418215018,0.3721788615416534,0.43843560066165294,0.44958082032946955,0.5901571693182992,0.41142210816040276,0.5539030627866628,0.5454649706377305,0.5653649409884255,0.28187566867587843,0.22798831331642655,0.6414381250798527,0.11279828471014047,0.6149122631706848,0.6691372767665251,0.15974527524593612,0.5481881243642958,0.2926322257857848,0.2731468950231233,0.4650245829499048,0.4180612637393888,0.44677830471561997,0.3103719247614803,0.14090125993906932,0.08185464840837137,0.29269993662264315
SYN-0047,0.01,0.04944297424629426,0.12656476853903673,0.4731243468929321,0.12302223260929368,0.18322037856722118,0.14027423870956915,0.20421491080166476,0.1869123526369111,0.1415863082291435,0.08476638657038646,0.6662761179124834,0.6282732059002263,0.36193260790448933,0.5318062651874144,0.01,0.8371131894926055,0.604569097497194,0.29614613523712024,0.10645837088109461,0.26775794032000877,0.489350586841221,0.6473175757768874,0.5486504321374484,0.01,0.5063375987333777,0.31821507314062825,0.3561086624108159,0.6544360450193238,0.48304081460239673,0.30462834807135336,0.40607199220694956,0.6079874288670362,0.46716879637344033,0.27773872227394997
SYN-0048,0.7932090487600206,0.99,0.665955156137515,0.5369991267563736,0.34524036902447647,0.24959127532351408,0.7843811105134157,0.6876036617160004,0.8228110275360478,0.01,0.39360166221712956,0.5453312001024122,0.8616953323238838,0.28770363590742054,0.18447055386998867,0.7426905852062523,0.29606194158746246,0.43228514034508064,0.14127204006540486,0.4626681988336764,0.3411999139547446,0.40593255722607946,0.4625356325584652,0.5134837663631491,0.11242049062655113,0.5823072925295236,0.1865288376108304,0.729043117685852,0.466647381995277,0.41874203190537934,0.6934092040290198,0.43706595392457637,0.5170354528757056,0.19066299821433957,0.16559911884180104
SYN-0049,0.01,0.01,0.01,0.168337120217578,0.014178384372505293,0.10020710342566994,0.16207726747211149,0.08643880242294982,0.01,0.1745869248630582,0.06468215497228391,0.05682841174454001,0.685921072134478,0.4822197975262724,0.5070851996040432,0.14040327613012205,0.6345784133569728,0.4045433794365175,0.1490559596077508,0.01,0.3698020157219392,0.14236567289146723,0.5164604965112234,0.16826707125945145,0.09646596642921482,0.5500951150363136,0.29211280761136177,0.127626294599555,0.0901387262849147,0.31336489249776905,0.1194737132137492,0.13706467368210276,0.41568230377546955,0.2512047854301198,0.14320638940504354
SYN-0050,0.01,0.01,0.3865529847754344,0.26792725582661975,0.16665643127971913,0.4682574673744687,0.7533964659559116,0.12636794179768232,0.28313060630719833,0.11359779145268044,0.20126257993339308,0.13422606368082177,0.35548583452252797,0.6116241150475163,0.42980088681730705,0.3270631729059885,0.5074279696657034,0.7508540002465877,0.5642690905499113,0.07170817548649305,0.5470024133175786,0.48332129715716704,0.616700156409675,0.5576986872338809,0.5597586274025442,0.739005429413697,0.2778942080255885,0.43014907266682123,0.37101609334260177,0.20534571121439726,0.3834693725884047,0.3510590092544634,0.2614681053706385,0.17872028344535432,0.0241646430972019
SYN-0051,0.2866062403976072,0.08535795384975686,0.23934079799190627,0.47677482679555927,0.13023580686334485,0.03803491510000456,0.05410052210395225,0.1163812066011433,0.019675911833515997,0.28371614917408833,0.01,0.564667382609401,0.5007948622272355,0.6305256487965306,0.5382433846559654,0.18163251624833912,0.7056524900556765,0.46114634433029583,0.19566675080564122,0.14076778324561,0.3194346516195191,0.19597540949363132,0.38818444936520907,0.6363225563619337,0.38544101994570024,0.45235196468614697,0.05848301703378897,0.1877287788140795,0.5499807015687724,0.46988939931110385,0.5103492598902742,0.3128697666442661,0.09524034287551447,0.3113457788885501,0.15749156377297568
SYN-0052,0.01,0.05545498612090034,0.42239126405596616,0.36436170049733907,0.21620714357188348,0.0646875201924208,0.13747723570508563,0.3312263654922617,0.04324500549733648,0.03373338733206058,0.269480297525026,0.5262648062731008,0.4662927710957253,0.6254244963962283,0.4314888741960181,0.5631596581230751,0.64988616912648,0.4892583811033441,0.4813436794604437,0.03865525732330555,0.33576005045299007,0.15211936859592318,0.258490287013706,0.5118000327417854,0.26355621263435364,0.5143430994538036,0.30216438687193764,0.47489518508549805,0.3724575687680066,0.5270906464004973,0.26712395991781934,0.12103312409913161,0.0771283584152172,0.37195647899845286,0.08766147930538457
SYN-0053,0.01,0.01,0.019295857089319912,0.1437835547668426,0.253028163963535,0.10698672307714739,0.28044992079677056,0.01,0.2206186642200654,0.01,0.407578961995543,0.3382104420455411,0.40575070468342306,0.7381585524511938,0.6001424868354595,0.41644576922584176,0.6484765605378313,0.4370525142117396,0.5694114294308089,0.01,0.4133170070159964,0.4034684572895275,0.4456275222499433,0.7240826585941984,0.5116054195776761,0.44829286143366964,0.34803627841600104,0.4734605820398348,0.39760813772251113,0.41071995323716776,0.3144539370386922,0.40970780607990787,0.5004333224987456,0.24284556999724916,0.5499783717908818
SYN-0054,0.27952779294543506,0.01,0.4918956010326051,0.3850867963627988,0.459910966606741,0.23170919699373355,0.01,0.2227167532040038,0.1123825978676043,0.3179442915347488,0.01,0.4093553177294865,0.6882358432534884,0.5001925477135418,0.510443372092757,0.39718456320437295,0.7088200967507489,0.1604292430654162,0.38369665219923454,0.04846292619881218,0.3824375926551059,0.01,0.783300718182167,0.18455285064143057,0.354069310141826,0.5178414105421578,0.5424166726865316,0.37358797197241617,0.35291822016811353,0.5883862167715361,0.4299477339045291,0.41376000377699346,0.3197811620979379,0.4626066011928337,0.3504768315769577
SYN-0055,0.01,0.01,0.01,0.09927891129936788,0.2612624641197638,0.01,0.2066015067798993,0.14046940881878897,0.03856078057888414,0.2638993334871008,0.07002059939151253,0.18420034533156854,0.5592263171629507,0.7221730647056727,0.52860426535554,0.3282079819842545,0.7276776397894945,0.6431307792305849,0.513047134132025,0.01,0.27592819328037166,0.05173393929489581,0.76866845208305,0.37316735493674885,0.27921488800019795,0.615895710069288,0.2012771999661105,0.5581893704547387,0.08493560711294482,0.24524169779716012,0.15453662060751236,0.16822822687415093,0.27212370964691013,0.34925426012877747,0.17562368813628182
SYN-0056,0.01,0.01,0.01,0.028983755020470493,0.10401388720740416,0.01,0.05672580246755747,0.1657421789016229,0.01,0.01,0.01,0.20652564503607992,0.16329362375749523,0.39061392412720475,0.6180639396400265,0.4648192648145074,0.29918536452055083,0.5790029654995688,0.3892156980396541,0.33498068717117424,0.368826033636785,0.3322509278512049,0.5589576268950965,0.4051031568466803,0.2771681800494285,0.8333187637683718,0.25601133998569603,0.4515362089155933,0.35953736266311176,0.25359581301390566,0.01,0.42806485330975425,0.133689813394108,0.06816816857128052,0.1695309987920272
SYN-0057,0.9258066265294254,0.8118996415094824,0.29487096527851464,0.5507505959117872,0.6225140693580091,0.39098971818797296,0.4258427896938838,0.46220269206622533,0.7333216167580113,0.3762516327559821,0.5756402883964616,0.5895836256467818,0.5381407268521959,0.535279182456524,0.6083650286526591,0.99,0.8285360314995553,0.3747294601959471,0.49108145839952594,0.5218736797247778,0.5863322995190874,0.6339610261866276,0.5995441820762941,0.5658214429814455,0.09658270765193297,0.5267491333494599,0.1990196066932123,0.5697478546872558,0.5811911589862719,0.7033433250367604,0.4588034341857644,0.31048525213824674,0.1342916051540056,0.18358535711076684,0.45036903834415754
SYN-0058,0.01,0.01,0.01,0.2775147450510987,0.01,0.01,0.3360657020437531,0.21813978944758006,0.04209571544600875,0.01,0.030006696497499874,0.13823064320194312,0.295446623654034,0.503497554976954,0.7286751579060157,0.547178931871271,0.2582805221929076,0.6046612700685448,0.4119753011115111,0.13917760295932552,0.6799432191337814,0.39840445134140734,0.25052018803950965,0.3918478136771173,0.0775070505597657,0.5427597879056445,0.4357124239698394,0.6136131396581086,0.37066860952417136,0.33580664463845145,0.0704025942247421,0.4235274669785116,0.2514711631100165,0.5020090657404684,0.2173267065800696
SYN-0059,0.2105735377341146,0.654504257218954,0.2525457471723564,0.5043651230570128,0.14287010819645973,0.37918059309753455,0.17083355158050054,0.46354512723689656,0.36916777999477723,0.3397968946397618,0.4355175054666711,0.7975443188015086,0.3397811543522799,0.3737606216215108,0.6643980715381096,0.6464460205375598,0.5675710410017051,0.4157027063830524,0.4898177585993757,0.3741452808909745,0.6019863942500383,0.7007976329707066,0.1580234634001891,0.6572564422198341,0.4774166669059454,0.4106861540584528,0.2031287929152433,0.31519452110609625,0.45402424045052303,0.7280990415852762,0.441088544645198,0.4646683392034921,0.3336720186462252,0.01,0.010257770973073482
SYN-0060,0.01,0.01,0.13583950132882253,0.01,0.01,0.01,0.01,0.4269362696781137,0.17803566908610718,0.3033142406606077,0.06225556162136989,0.01,0.4267225644582803,0.6490910120698139,0.598530678480683,0.18845747570874044,0.43660017554576197,0.5032271496387144,0.49421001952182136,0.041189962053392024,0.2996615614541971,0.316901020433283,0.3804126577107515,0.6243575098103828,0.2273784707474697,0.6909952640830549,0.4889966945277121,0.27894326885362225,0.38318356795496655,0.01,0.35743050058250925,0.6093956823690673,0.599942253956089,0.5969198000125572,0.21738890338814584
SYN-0061,0.01,0.01,0.01,0.18596011738280505,0.24587996366707102,0.05042563003620649,0.01,0.030407600094575896,0.01,0.10616781830565719,0.033203782081045935,0.3344764100463382,0.22904078570877506,0.45387618234986676,0.35306151300236843,0.14187746816305521,0.4187158519690182,0.20546936326990117,0.5226979144105814,0.25572658640243606,0.5067475893962955,0.01,0.48247989331971103,0.6715859570005233,0.3759562329320956,0.30604161580444955,0.24074580283695463,0.4181871052328965,0.2006240481866637,0.40315249209401977,0.13594400525376588,0.36542079472501154,0.5553724364447857,0.33876953470732163,0.27828732067494166
SYN-0062,0.01,0.01,0.01,0.09002652726562639,0.01,0.01,0.2679469217684235,0.36101482737651464,0.01,0.27237890307429335,0.33252730233786154,0.01,0.0800478156480291,0.6196086608418782,0.3111031452783164,0.3979879352600075,0.4003948823355774,0.3706743909998078,0.4293182377366911,0.17110410877864204,0.48541592983815496,0.22450435642862654,0.4267871302221373,0.3340767338335162,0.4084606110858155,0.716869895612602,0.4767094316610947,0.21080267201897346,0.29138673753529853,0.20971569253644712,0.3456085552352036,0.46526789563958876,0.31485624988304795,0.260175290016658,0.432530851051397
SYN-0063,0.01,0.01,0.14305852082243714,0.155902946297497,0.04707938977995245,0.01,0.1341821581658949,0.12858319892312328,0.01,0.019353446482081343,0.01,0.27661866715427386,0.5909718241088868,0.5286112565408447,0.4353950258894889,0.317845538483058,0.7607748081230491,0.6288589018136173,0.7384184559698705,0.18375418697470275,0.27720437944059995,0.36120469562624935,0.4885499055776229,0.5928510245594494,0.19143588653126553,0.3965775813617484,0.32099206303037187,0.5115227107227669,0.19427441586941863,0.316425545067719,0.050555893115066475,0.3572856780999732,0.1416844214582836,0.344444409878028,0.24232532306386062
SYN-0064,0.7460822758338661,0.99,0.30409113664977305,0.6246564004370118,0.7804391380702593,0.32540686604415614,0.8748096871383162,0.6261678418930281,0.7409097576940346,0.34988152304109105,0.7168223920725163,0.6412048281318522,0.36826837787704536,0.4626251280659179,0.6428735539904895,0.6343806420877894,0.09650865700634292,0.4179505872092197,0.10428902226355341,0.5249202254738473,0.3575680043009343,0.48526212805000135,0.6069266485331036,0.4332138915520492,0.334366572734445,0.5279260604586198,0.01,0.41129928531343063,0.19452435475740837,0.18612610739118157,0.5371186485610981,0.2547983710612794,0.3820993954365035,0.370731658811873,0.36228256769777206
SYN-0065,0.01,0.01,0.37277277538837783,0.35282743109460535,0.10408170247338508,0.08810768851788524,0.3292647935643187,0.01,0.01,0.06250752069903937,0.2368462718079359,0.31635081305926,0.6411916668708203,0.5330823933635341,0.4081819494953949,0.1048789396433468,0.5637420755918409,0.5496701865971693,0.6254829368656818,0.2588310488502598,0.20117964994126036,0.01,0.47451734111148614,0.6870856329288842,0.3082236460352191,0.2974877233949643,0.24875348972907768,0.240037625681503,0.25429664218308584,0.10797333866649217,0.40799785681012746,0.2668971401791636,0.24663627315523168,0.38710156774506543,0.23451526526352184
SYN-0066,0.01,0.03140328405371551,0.01,0.01,0.20460727127204775,0.11844649474251112,0.236758611827936,0.25426974926923773,0.25864831812991057,0.14090244487365677,0.01,0.3418123087656241,0.3249925533442187,0.544286132264111,0.680835506637518,0.3195405301082973,0.6013930943154319,0.8018238437634382,0.48598985921320403,0.1628857103334218,0.6528851977712227,0.17824234314329432,0.712629875013949,0.3514032777707682,0.44681802371496915,0.6034720897573063,0.27353361698192097,0.12757902122696993,0.37312720060179805,0.2633652199849019,0.45064010348667477,0.5504853393532891,0.40305502786092,0.6027262804652527,0.19193620113814513
SYN-0067,0.6210985267320654,0.99,0.353436918178436,0.7243022885402404,0.7479524643086064,0.4148545444416528,0.6389881854175165,0.5303541010809417,0.875070729268752,0.4731894461223616,0.4783999218759944,0.8325906175861646,0.6177304509230792,0.3625357843574883,0.45492357769078556,0.689642691579971,0.5228644678258005,0.27677210868991564,0.3138745030291675,0.6098474287668976,0.24782139218585336,0.4681887125946791,0.5997820800370032,0.48555821958734013,0.24936965015111937,0.8561631452610449,0.14863922853435857,0.8699842588561264,0.5473242967667127,0.40224532860772266,0.8308392277200262,0.15256848889519237,0.2708207556444864,0.2756213995373571,0.01
SYN-0068,0.01,0.01,0.01,0.10517191037617413,0.096900219693825,0.01,0.01,0.10198386877170887,0.0895890396467944,0.12312764047099645,0.22310506823526538,0.5413799792854626,0.5290184759569021,0.5389962598922471,0.35495179547539846,0.18939221552286684,0.6391552463511451,0.6378439909189295,0.40001433802335706,0.01,0.33641081083175867,0.04187385706554997,0.6736417027182732,0.7455184166216622,0.32252050391710874,0.4229606447125186,0.43706596431084005,0.3506050991719442,0.4726025239428236,0.11809091174310993,0.1687764969822898,0.3110098780546471,0.3922907755613964,0.30785150928752636,0.27053739120347464
SYN-0069,0.01,0.01,0.07424099813523624,0.4721291933213825,0.011169149797994465,0.01,0.39147890135693764,0.01,0.2781278368855722,0.14483085290274264,0.17516920704178096,0.6814787963874054,0.38912763719782395,0.6344860997536503,0.44883672719986833,0.3226886952711138,0.5886685534686711,0.5564222073620453,0.4340699127926838,0.12604208750955723,0.3435149241756066,0.2603931719153098,0.5169568943777024,0.411832392416023,0.1457389072489364,0.6696343801718805,0.15561028648993702,0.17821804749225947,0.42018972027954,0.2307260597878603,0.3378900562886449,0.37211133277646175,0.4973678948433399,0.10895603302655076,0.34043754997026426
SYN-0070,0.8174427829989876,0.99,0.7429144973315726,0.6495788541082474,0.5033535044263725,0.28058298402393067,0.6715064777897565,0.6775132211874263,0.8684640588899297,0.5501071666513083,0.209064432672821,0.860312147985385,0.9133663299284278,0.5068854628675176,0.47094141886868474,0.99,0.29732493254380304,0.3214698127897977,0.26552257196202156,0.4891873356612787,0.4601409627269003,0.1895231967052204,0.416683312523819,0.45590657734554646,0.2660064572061092,0.44801587923001085,0.24740084721248512,0.5597055597115164,0.5472026446871919,0.35676001820249686,0.8187008121449253,0.5160933671999794,0.6193241132074615,0.25851745896645134,0.29301364957865395
SYN-0071,0.01,0.01,0.1463687442012913,0.20629108376859887,0.2664565099509939,0.35560792881844383,0.059564837468035745,0.02389503334043583,0.2096750705226907,0.2145768743558969,0.01,0.42914922390157567,0.7045090839673283,0.39332485741779494,0.5728873474265515,0.29487402013466196,0.7510821589497354,0.3723298731010262,0.21591461499453574,0.21971753583441034,0.6095155161013266,0.27181870565172606,0.4577041181101756,0.5633870618794269,0.05938529688897673,0.5940036400983131,0.2521467850460163,0.5892510135521463,0.1793723595129778,0.21817553548273794,0.5375427503585442,0.5854024184804625,0.3769110984822817,0.2296668411130751,0.04035449748952499
SYN-0072,0.01,0.01,0.24419710560361954,0.31830520930203127,0.01,0.10335912325761809,0.31165659980743937,0.050539231587097055,0.10172536545578206,0.09983762422625195,0.27437825875481453,0.2865285129315545,0.4724036047922241,0.46294877427837244,0.7962618085727732,0.48306994793511326,0.6202449843551638,0.5846767549792113,0.5989370901776773,0.13722840139073686,0.6627236870019237,0.09071805439615045,0.6444758486088147,0.7538183080052931,0.3030534872201712,0.6952898993378147,0.38733158253964434,0.537682773021361,0.40488298837274717,0.09641459024782215,0.01076590426162577,0.3960166242354195,0.15663205026963783,0.5043467904080843,0.37357085677329316
SYN-0073,0.01,0.01,0.01,0.10916483529195314,0.01,0.01,0.06260930998447364,0.24570315792124253,0.05664526460227119,0.06388052726178203,0.3263536322158131,0.3019358680329664,0.4914834348067352,0.5568733656267959,0.5781475563708893,0.25724731213800256,0.7478669840233217,0.17630775690446193,0.46626650832938876,0.4616225412575475,0.7755916493932509,0.43675761014945325,0.6173339452589474,0.48918363094691253,0.31000344553057163,0.5020079760030967,0.3167313853647297,0.28003329838731494,0.7826624862089919,0.1510387651216749,0.2624779928840527,0.39846135700487495,0.2604409562627208,0.21033857085582622,0.3278312154389188
SYN-0074,0.28805984134398477,0.5252410782634204,0.41655666137227093,0.19100226355003325,0.29182023498657755,0.1322078775966751,0.12156958233702247,0.326215891369549,0.1175650581520242,0.132549004795635,0.4992348519309702,0.4759362711258767,0.5159199335147239,0.711762954184143,0.4088531102509447,0.3371089128603971,0.50699188763347,0.6953602836140158,0.43994504184851174,0.2902441442000926,0.6713762915753593,0.12754131393414214,0.01,0.9158466397790734,0.2892409296470291,0.4869995383587431,0.20991219270868774,0.46183935753224803,0.4025405055430305,0.572961053559234,0.4028307396783371,0.3219852612910396,0.15313526348811618,0.30531929646186895,0.01
SYN-0075,0.2708872547076649,0.5903027617101135,0.3175897565169104,0.13377669930316893,0.666418897765882,0.42798787798944665,0.2842851570344432,0.1178718571204995,0.09273283828032083,0.14823187818678477,0.3885039001249229,0.44713208817514577,0.5064953426589685,0.37733219319961875,0.5225282315212157,0.5931685075395167,0.3450736567603366,0.41934290280631087,0.01,0.5787415065390724,0.8125606996561534,0.1350167741815683,0.010796595413427534,0.4965926792636469,0.3521913732394945,0.27482548697346143,0.3050169047065199,0.5934887412730763,0.29832847959832,0.7966303878975671,0.6973009044615515,0.3317301437874646,0.44239634834489194,0.060778015083952835,0.01
SYN-0076,0.06233623706794351,0.01,0.11662598004652601,0.2454875040489658,0.30403069856296444,0.01,0.07079773231404562,0.45981571698261425,0.09161195361313848,0.15458818882281872,0.3815794697741043,0.4948438572841425,0.3047542131823947,0.7350000938061743,0.5198301262385435,0.4408516917336235,0.5290070375238931,0.6449822326320375,0.6014976078688388,0.3364540482174527,0.5153530402557498,0.044625566037365144,0.4857035795618153,0.6378376391014222,0.19744682714558237,0.7258151758631834,0.4633902796343903,0.23083357408722438,0.4023792319649408,0.06305179089762292,0.35421934020871426,0.31336864075725807,0.45698426448426854,0.2184584803107225,0.1952240065882867
SYN-0077,0.01,0.01,0.08189013285586433,0.4269025382742364,0.1779412799064663,0.15227192617444202,0.2687188125280972,0.01,0.06783866999451094,0.2425107568363716,0.759204577245881,0.4659011989595415,0.7586555278838386,0.30717631767673886,0.4506798276533465,0.40251816585920613,0.4707011357192918,0.4820925913999726,0.39624101498048636,0.055112815000628104,0.31173075382156956,0.3010412691445164,0.3685676110492034,0.6530495289242405,0.2847656919665503,0.4479222492237607,0.3026370134979528,0.39064799685529705,0.32316593688978656,0.17025063817159697,0.3938255983845855,0.21639170687431436,0.16349923784095158,0.2103535391938855,0.040646669630581694
SYN-0078,0.3023055778369413,0.01,0.2751728238371435,0.03063291292684156,0.24176218828820917,0.1805097740059917,0.01,0.01,0.15724575731464505,0.08015920779888096,0.25260833781696335,0.3579101646666573,0.4789212743817334,0.3634845594293058,0.6969180070693264,0.29752313080946197,0.5661949701745791,0.704133103336799,0.4366870521763849,0.2003281422036734,0.25759715806216416,0.09737959999433282,0.36514730184790534,0.24592209934093373,0.5426466600335877,0.4044099340060341,0.1558767028175571,0.2286810587740859,0.3400410537693728,0.1031955795442411,0.18592317028807884,0.5613760535868793,0.3470136741409533,0.13432615772718043,0.33376792121332954
SYN-0079,0.3568256897672785,0.10204044376780902,0.20372860718861704,0.07844117748294105,0.31502846986312405,0.2143652534257885,0.01,0.20795119327219166,0.01,0.3413583906204031,0.5143561025783666,0.7497887847881886,0.4102283733562557,0.45724413564741545,0.5531222947082481,0.26564500753341447,0.40764759567650233,0.3940343413940772,0.6487418592622606,0.01,0.502575456767115,0.2207754326286825,0.7709760374613729,0.36447555516000596,0.31105801411968936,0.6977812345867458,0.01,0.7508034192986475,0.49689176111042455,0.37729385843463953,0.32576689537963155,0.3880682060865825,0.6282167948712181,0.18189620013361982,0.03017939463925448
SYN-0080,0.23633208432147157,0.09627474576060534,0.057683324851536294,0.2606810475408028,0.38147001437550865,0.47113208649165955,0.31786640769035684,0.2948656056235437,0.19288562323827665,0.620105941242535,0.3239406819256191,0.28742150911185765,0.5259446814245795,0.1620806171989388,0.6689699203156461,0.5166129770163561,0.7508562353662577,0.3351451203355208,0.4454470513558218,0.24070648863635366,0.4841437762309785,0.2113561846601552,0.6734065494814085,0.5707948805925742,0.35526029741174814,0.4362152615893391,0.01,0.37731579901273044,0.36329204130534287,0.18165150783145825,0.467017702951942,0.34251733960690667,0.6130457327527893,0.4576250251123697,0.3566725897533942
SYN-0081,0.01,0.18104490931338044,0.20297128348313997,0.4772006164030501,0.14484956662514312,0.1959558933091175,0.4492879325850917,0.21259358918144072,0.3796583594242372,0.1326748076448952,0.3209405527928653,0.3888570329604685,0.38442186440284987,0.7181937059148014,0.5626634621886866,0.2950510460623611,0.6847116967059304,0.5641836624145824,0.5071779555169932,0.3975191925027083,0.6052723340078767,0.06855883824095654,0.350358809382098,0.34665813194885653,0.3147987448415094,0.49105143503644044,0.3049774223431188,0.3764113073786807,0.16278246205689806,0.14419497844420937,0.1994298914343602,0.5335483487896542,0.49313390430522464,0.01,0.31371694452400567
SYN-0082,0.01,0.2133430925555756,0.4034076198364305,0.1678901716556224,0.2976006004207049,0.5417761786685816,0.5506153746368316,0.18522156035676407,0.27500072600530356,0.16793953198485198,0.22868338299260293,0.5426372401737246,0.6981804548448445,0.3643720247960638,0.4232748381326218,0.2939768988983441,0.7592841819491685,0.37027613360801603,0.14024632088179534,0.05990458361620671,0.6892381165604493,0.33648503280581554,0.6138695489111555,0.5856007876170854,0.561614714086315,0.47006545223704027,0.25796293477695087,0.452129496763189,0.01,0.46141258279801384,0.43657854420940445,0.28012031216312205,0.4520092274043913,0.20638032039859655,0.20447732172937222
SYN-0083,0.01,0.25186938659650093,0.24977600754955276,0.35910097177379563,0.49463995509105985,0.33411451576067697,0.2922523585691224,0.12492569186110286,0.05455274997459772,0.39659062757915964,0.3040244260605398,0.4217960930734502,0.48513581001749484,0.6883825450845261,0.6418513230296921,0.41601592824274947,0.3575718365697605,0.7296326505511967,0.6241221654070412,0.17650922435753344,0.5305018083964068,0.19363890848212756,0.4954065533726607,0.4223595766507592,0.34208696037247377,0.5457661608226708,0.3968569319987347,0.5563079863739857,0.16223611525081447,0.5811848125736335,0.45299047485793903,0.31456639575164597,0.5125944386132771,0.11838662623036678,0.30654759037855916
SYN-0084,0.01,0.6157319330373465,0.31437044299364186,0.5995848439885917,0.1351425456787625,0.4332674477733074,0.20524160354911422,0.3998400373696359,0.2987056635638078,0.34629869554066117,0.2976455243967467,0.5489165545351895,0.5952160125826932,0.30527364875299834,0.6886228411121448,0.6110549701634285,0.5423523761611215,0.3640209929762258,0.4022012522429155,0.2571638366359472,0.5730144470492481,0.21802511691798765,0.2424096121350479,0.5562297092325339,0.2436171096558725,0.4117174215871825,0.05523791472871978,0.4120240882448496,0.4904387864949953,0.2919768646072352,0.5302781480715503,0.32402100834490155,0.30308891398769755,0.21450742127270342,0.31092444312678286
SYN-0085,0.5092181627432905,0.7296984279061282,0.6813687143164728,0.8053783870967486,0.27507809761527224,0.4061892908325118,0.41717710528748664,0.12880789393641956,0.2683588653866227,0.14358578172810885,0.13246606845515058,0.600702387807785,0.8279695845843917,0.2851710248509488,0.4307182798089987,0.5586124265445569,0.7586986106667313,0.49657401927722566,0.681284854044627,0.6359407366960984,0.5569154734642043,0.30962274371784726,0.08197528660522983,0.5222013711162823,0.21181342953893656,0.6745176028042073,0.20146966851121317,0.4498623865534763,0.09694305900877745,0.4965208186400746,0.6469582708095436,0.15244329240338553,0.3751378616967647,0.22559840461737202,0.3046702277876684
SYN-0086,0.01,0.01,0.014487742856528561,0.26302134596619275,0.24185609750465534,0.2849994543912872,0.055742556870789675,0.23377499081839098,0.2716486309602548,0.01,0.22580929430074623,0.22839770488977654,0.49103413948605684,0.38861296676455637,0.25726770068398647,0.19387117770070078,0.686747740140573,0.5490440777235387,0.6974578531695594,0.49852372380777404,0.39670293200170526,0.01,0.31381056473176727,0.6242383567312999,0.21810962306522588,0.5505403141826367,0.23443352868685075,0.26306449520620223,0.5072570142826638,0.4113985741795452,0.238765666124669,0.08763649883499502,0.30905769409686296,0.2788060008765301,0.5305913466628809
SYN-0087,0.01,0.01,0.27393934342227544,0.1703108358876843,0.4382410378438884,0.3316322655149497,0.554479660713916,0.042253395228743024,0.36630622521114997,0.40154551774506547,0.3581468105763936,0.5070385066601264,0.43114818723231907,0.5125478015881433,0.5620913167107383,0.4080151556308537,0.6027127033973912,0.29009284729337864,0.21966795409715706,0.2866661617563298,0.5222288411177761,0.0997006355671918,0.5381193205572291,0.3071827260251976,0.4144625706648248,0.24498900016644454,0.3896820893226287,0.44382851580803867,0.5140825060260227,0.48222806366566096,0.46419470144473873,0.23849608671265646,0.08511142639812494,0.04819421490759443,0.5531567110281309
SYN-0088,0.01,0.01,0.01,0.1245433952856526,0.041897117145918386,0.07861490748824033,0.08963001052359251,0.31083005810866704,0.01,0.26870020568402464,0.3886118257218726,0.13464234408598277,0.2320206631902074,0.5152151412896996,0.30085054980001125,0.012100894404110496,0.3942039484769494,0.35313098548353355,0.3690654224111662,0.3170033675092392,0.46218517470526044,0.01,0.4722950059886229,0.4873273662755522,0.11999666590968797,0.5502691327861238,0.4522661680741267,0.22143780090710793,0.2710471032024916,0.5308479710309741,0.19450958435397628,0.059184373711581834,0.29746178229111375,0.24047431505253813,0.3128829407017887
SYN-0089,0.99,0.99,0.636453958471386,0.6404232173731994,0.5679050574729542,0.521728878109027,0.5762697934005891,0.5526194847741759,0.5338252971214613,0.5382588205822817,0.48628555106997956,0.8577796734442158,0.42016187305026986,0.25877114044712307,0.667384742735565,0.99,0.38781175944436175,0.07073129016866331,0.30042499620887303,0.6016838799198162,0.5593246727354253,0.35265733837935176,0.47365479446238196,0.7875678446898213,0.21398822316177765,0.6225974075458414,0.3441101390247071,0.3974614012252071,0.5462344138664854,0.5148245091766355,0.8110962362694523,0.18135353961285575,0.1723017803636676,0.01,0.13330371926192666
SYN-0090,0.11834745019717535,0.01,0.20800501181691095,0.07879809398356101,0.14941560167298754,0.24589294935371914,0.012982060398605236,0.08104467389874287,0.01,0.37363527987663814,0.10114757867450648,0.24162082833794338,0.3681792210981818,0.4804162320253476,0.4872814832683224,0.4302952095845084,0.6710831754925204,0.46197240093443065,0.2489862030337211,0.2668924018023594,0.3432293036809084,0.2997276025984756,0.46287114114598343,0.34111147533670266,0.07853728171966126,0.5378692092571746,0.01,0.26038656773878915,0.5308600173652026,0.31024451203006276,0.6406110520153221,0.6497386802149046,0.25569834818409876,0.18347934317386774,0.1837156798496452
SYN-0091,0.01,0.01,0.01,0.01,0.01,0.05737240228822761,0.18539733404357922,0.0795769363546458,0.34340553321023215,0.01,0.013652270678529421,0.0562135474342533,0.21628612727523167,0.5120865476753068,0.4893025575748374,0.13790475415429476,0.7569706331974705,0.3812549805668315,0.275214643853135,0.3966177956667623,0.29092340569210445,0.2038270646574252,0.6614045906998913,0.12578998575003014,0.35389062074985245,0.5298496550373446,0.13242046440096988,0.05561003454361696,0.01,0.01,0.06513535039273774,0.5474304139692651,0.01,0.05680213265201789,0.3663629442111971
SYN-0092,0.01,0.01,0.01,0.17408399114968992,0.2219618006469498,0.01,0.29949930992346174,0.09878416529989259,0.1737178002748738,0.42625320468921946,0.1390288290447091,0.21654789072557612,0.40899058910826036,0.6612449173759911,0.608547678427484,0.2623038367031366,0.4532828015022996,0.4863299460841206,0.5589846558232869,0.1398988738560033,0.3816853766543396,0.09966092535564593,0.6591255926867258,0.3125721882353997,0.17949559493601916,0.7518220997449525,0.13986841767236266,0.5270923662729416,0.19862742258230445,0.18288341646222295,0.4990783184497397,0.4989769471195028,0.2580657907370151,0.33136472696047353,0.2429601050850873
SYN-0093,0.01,0.22922945889706436,0.20283662745068615,0.01,0.1689139678085072,0.01,0.09871522692470476,0.14068267365786485,0.01,0.01,0.4281641564261511,0.22880675851859789,0.6321759134067417,0.3910488588493141,0.45205561370711206,0.4271519417552257,0.7040942728648871,0.4209571145062092,0.08205550139385082,0.16846170638220045,0.38925529660282093,0.22742343735537734,0.4065949410714494,0.2403343463034136,0.01,0.39339314090571875,0.01,0.19187551955317167,0.39910560861909417,0.3208145374913095,0.49619950340938457,0.3744366614766512,0.23126770763887333,0.41106355474236356,0.3619565032238617
SYN-0094,0.5336085188069619,0.99,0.34791164422882404,0.38571883005815194,0.38763101689063695,0.47712048045998,0.7877500747351932,0.45518354809142336,0.8733224231627368,0.34411142027110964,0.4413289784065528,0.7278878736999963,0.5869067023714716,0.2875727270764349,0.7451102367494838,0.99,0.48470256710710147,0.30609762961450837,0.32664055381700086,0.5464343345893128,0.5276975877333239,0.3161892092872119,0.8256500183557409,0.6000930809799877,0.2582989924065922,0.47857154762649123,0.19042602588181162,0.3323786115024237,0.132577088560119,0.43713555233043555,0.7060916974111354,0.2853418355835081,0.2795482431580194,0.3983793969382281,0.01
SYN-0095,0.8727818259213719,0.99,0.5097954945930309,0.5196987497242844,0.500028677094667,0.6115763551724465,0.6565739835680032,0.752195451226574,0.5223455119431876,0.4547775991732017,0.44395822366778115,0.49069100846067837,0.49720230612036864,0.30330279386396636,0.36683901380850403,0.774292228434253,0.6232227213736637,0.44091688532724954,0.20311361940439565,0.6263284843501974,0.47936189762983583,0.35882949044322276,0.3018334753863109,0.6907938367303887,0.2065121719148683,0.3887513119133861,0.21510701420723238,0.6699335659286503,0.20591155611766618,0.6952221358072672,0.718974615166218,0.3160437437477195,0.42704057253071903,0.2030214770807335,0.01
SYN-0096,0.01068295681669032,0.6949301022896264,0.38260880931630614,0.5799016427748321,0.5424460089683902,0.7934363648061679,0.31693578926586874,0.22231645066300232,0.3376399616066697,0.6415015916288815,0.17866357897775728,0.5741217644445633,0.480309493318019,0.2714544957940293,0.8190972332796078,0.6060662145831699,0.5031960754521485,0.16850921147102774,0.5342093236816404,0.32412307816969765,0.7877496501594669,0.4954891216159346,0.26793138330672206,0.4870982410579589,0.48268741532546267,0.44775201437632656,0.14599033231853703,0.426414919580531,0.3770017717702253,0.2542278682122837,0.5501359350015855,0.3203042001698948,0.23270827244336614,0.2301405761144415,0.5839025942706098
SYN-0097,0.27103996632697624,0.6858817739113172,0.08419215787752271,0.39510744448313784,0.3252941117114846,0.5262543836506537,0.34292489522563996,0.6801111948949263,0.3939677119161268,0.3114235702664441,0.5787525892921939,0.7190279219006734,0.30739009790347077,0.4564827381479629,0.7392451705865615,0.6603548813060681,0.27719967625507536,0.0791854252021868,0.4569258358144849,0.5906895493662687,0.6087224996962219,0.08188883406785741,0.01,0.6069923148288814,0.11827933533019788,0.7831809964718228,0.04684935707662735,0.61830760833437,0.3144975887893221,0.719725788031542,0.4359478797399018,0.3731752409968721,0.3915446830964624,0.0256118602586016,0.49344833017046374
SYN-0098,0.11644910127019553,0.01,0.01,0.19315762892142457,0.44921291581795464,0.01,0.01,0.3048807144477932,0.23533509526559498,0.39708589658490473,0.01,0.24083544652426989,0.29735901814056365,0.5297442622812316,0.40003829011089287,0.35875194909321617,0.4333234743749599,0.25725265786974355,0.49145390419604223,0.32421350271991944,0.527848990239365,0.2821217375030536,0.21085906893323214,0.19881985955522102,0.1686572388290988,0.6677418801090742,0.29434990302801917,0.4651289129564044,0.027235263704342816,0.24702568015430562,0.3825647236612851,0.4199854641282867,0.11560911070467472,0.07744092290271665,0.01
SYN-0099,0.04969040545519596,0.8977767346538228,0.5401966065785853,0.5302765760345529,0.3026834461838843,0.40238569812371705,0.3035883172435812,0.4711549972673969,0.4566031626318442,0.5452842154562274,0.27539419454591507,0.8893533310144491,0.7132721113450855,0.5442083287669119,0.3558294754620167,0.9154365925484056,0.6244000760817652,0.22190219468970823,0.2322917408066599,0.33481599636182,0.8815476408919192,0.3370352087061324,0.15120899295123727,0.5102174284363857,0.01,0.3345178166483871,0.016537510531685617,0.6426636743880239,0.419738491390689,0.7913396623922151,0.6586034634084805,0.20286254174896307,0.4670879603008352,0.27334458541587786,0.31679459674368127
SYN-0100,0.786626421927572,0.99,0.6365462625875348,0.8038101599995355,0.5722054474911991,0.5596878158490564,0.99,0.44815683983356114,0.6797326297601654,0.6542285758778454,0.37106502637364586,0.4370627216001514,0.6356109182586934,0.274887945617143,0.5480192421156056,0.7062405358205106,0.7258663900680051,0.11913118204172812,0.33454673284445824,0.3987101638297959,0.5925224929158128,0.49013243565171005,0.3080558110907639,0.4488631000944342,0.19010203881111307,0.3772212383443695,0.24786695309648077,0.6109550725323958,0.39353712743668745,0.5287642997507132,0.4138206140562226,0.15152014628164845,0.4302072500248253,0.2484162377749213,0.07083819876476491
SYN-0101,0.7131100266957467,0.99,0.41940464441466063,0.32169562527917184,0.7248973397428194,0.6474589582058048,0.9492692269352884,0.5673329103578105,0.5811746700902949,0.19238847758151587,0.4546075864504858,0.595376225332554,0.6524261201233582,0.32215407795044326,0.7934276805332099,0.7926847099788052,0.4594536087468341,0.3181749856930913,0.30739475354327445,0.5280296694024482,0.46432394720796155,0.5006173720802007,0.6309385204809551,0.761762101747026,0.4604060527776866,0.2929388160995233,0.03421806916821908,0.7972468362348685,0.5401391214692423,0.4976577318016519,0.3241237765937157,0.6468969262881112,0.5203221393096468,0.3436679430439399,0.2886245165700919
SYN-0102,0.02030931552807429,0.32019869049904376,0.6203659430333125,0.5192795929568004,0.5342053618116119,0.645313216972955,0.17538070164431516,0.03187820481175033,0.2183802127875098,0.24335395519466002,0.2811291440524478,0.25452120776998666,0.6776486645589903,0.3900044009762839,0.4972102566961037,0.5236157649630131,0.5514523528339612,0.4231296302147704,0.36845716908756065,0.11881420662208894,0.6541214489271457,0.368035531026642,0.4460222461093573,0.3231997318256178,0.5327749229229817,0.8352492262467774,0.01,0.28786053200954487,0.3449473180952115,0.5609397407837454,0.6174677994667596,0.25687294128239596,0.3106397374495321,0.04797600818862788,0.03499608691351547
SYN-0103,0.01,0.37147494950170035,0.31203110906210524,0.9432675439838228,0.20692168268575925,0.42434463179474646,0.3333624703820858,0.28399091228874923,0.5371263591364389,0.515318117811981,0.552802279934044,0.5180911336499422,0.723323191511134,0.46207551559152077,0.7486912591625224,0.7473992809845365,0.45659883591620354,0.3541151345826959,0.2806353735665982,0.33804729975830605,0.5700091164931558,0.28386083783106447,0.191101934500509,0.3734217864527897,0.160234276610569,0.7067864726052182,0.04921004221788583,0.4930390831233643,0.41522122829143737,0.4330137474869985,0.6107590708956108,0.01,0.34018934088277614,0.17838282289577423,0.20103560297239687
SYN-0104,0.8766281764139617,0.9613654753739301,0.4786001379693377,0.3265958730729609,0.5266261187840517,0.4202304236748496,0.6032130652299947,0.5051747775465019,0.99,0.4368756583304747,0.5650612549920817,0.7713879995594026,0.5857914316391215,0.4551261671827016,0.3534605387971409,0.8000835043933027,0.5626224330526632,0.22165116218905506,0.26454328162372076,0.3584569253673968,0.01,0.45968305406363613,0.7987427051005639,0.6545585203699749,0.3435134348276202,0.6313970224445198,0.23594660749845728,0.46255769469003216,0.45323158606291764,0.6151106183362549,0.37009814768723526,0.18621175189898956,0.20023393225840525,0.2633774604284591,0.2310912919279374
SYN-0105,0.01,0.01,0.21357581615332552,0.36520635336823654,0.3455162580971107,0.01,0.2435584495766117,0.16082328997156686,0.03471374769796511,0.25244357251806393,0.09038441085807472,0.30547431508722234,0.5865922186211308,0.5042319544227614,0.6066272756781627,0.3377419069845981,0.8834664991818979,0.740423355873393,0.46149289774430147,0.01,0.18507254502224973,0.21365391755256893,0.6003182025795182,0.5491186430137704,0.18166172341516207,0.5141981570291291,0.01,0.25039644559054847,0.17182510663231246,0.6277061584901882,0.15279831455414214,0.3961467871241736,0.5950605100691928,0.07379667225089828,0.11662800123445491
SYN-0106,0.21245975577636952,0.7715961720749507,0.5953397863423147,0.5365963455612208,0.5800429021933942,0.6262594857021881,0.36395389540927736,0.22739941541353564,0.12104551462417024,0.3098201302280549,0.5132255252336413,0.588322822570666,0.906193956082885,0.39372627418245704,0.8563358528825094,0.8134853237456604,0.5313642889458643,0.7701802471925836,0.40217726401512244,0.6159241635863894,0.7667571494824545,0.3534691623306534,0.235843031702552,0.5316962428840744,0.6239291735313538,0.6354931777688081,0.12011517505916934,0.49457238315897645,0.4213808228609315,0.5701374596342282,0.8990128116825918,0.036010095135410314,0.2992823444076312,0.08149730177302167,0.30511885911222003
SYN-0107,0.01,0.01,0.047580160540215105,0.01,0.2741718833853245,0.17385942456294867,0.01,0.06243302021076183,0.01,0.01,0.3923883705429755,0.21612136297981532,0.30222970058397636,0.6247937269448536,0.39314807196840174,0.3413336310585471,0.7187091706285005,0.709405707333243,0.808656746586573,0.03350295275756343,0.5221608754540393,0.01,0.36391352517320297,0.21552619574142567,0.44703659354881026,0.6701015890292913,0.4490692566451987,0.4291299545418809,0.47442646667752664,0.18185203508359593,0.1843931341421013,0.2655065829851435,0.3407049576920169,0.32805262604680485,0.20111641422167734
SYN-0108,0.17982242689139988,0.040714432329183765,0.1582846385722705,0.4918577252720744,0.642121707156633,0.28755213898597526,0.2677002433034207,0.30775883288398154,0.12878128592617305,0.19128967794868965,0.1355977676513191,0.7370124755414248,0.5255513234361532,0.9181599934167568,0.5927397419604226,0.37038482871042994,0.7872713762239156,0.48787639615886086,0.2687973329538801,0.01,0.6727511436691083,0.271756722203455,0.5122069930953945,0.3239590065087074,0.013594207463970914,0.3358493275268977,0.01,0.5238191445184964,0.3500105784451495,0.2786396050815412,0.5214869275476497,0.3388806573280135,0.3219212867515144,0.25125397837092106,0.33601130325831363
SYN-0109,0.01,0.01,0.45424035365414195,0.23752762299360478,0.029505205566776133,0.23822331262258445,0.07348164599412908,0.3216651911742726,0.01,0.01,0.4864888589273343,0.12931750616376175,0.19045972083989615,0.253130133498048,0.7137934005959037,0.22182505083382142,0.8280579806011769,0.7387998740581749,0.23916056260299792,0.08644738109682032,0.18953912926102037,0.10900899018656536,0.4637673217994242,0.6693317291218198,0.1977323875590948,0.8649060016342469,0.6013695180382237,0.719993324490754,0.21427042134916557,0.013378751858193594,0.19225534164758362,0.43031097901729276,0.18121509384765366,0.5745545473096505,0.44033545859130185
SYN-0110,0.8434318601166196,0.99,0.18652178033135736,0.6938731093835517,0.5919175504997501,0.4822478675487679,0.6385168918000891,0.6109519810500116,0.7753247673757334,0.2975978075338457,0.6748096146291352,0.4018763933739292,0.6123800065760894,0.18800513296203367,0.452230047008518,0.8939352256899165,0.4871784895888446,0.1080190163413482,0.012711111916098805,0.3316672437671769,0.33584615532338086,0.4560059162128646,0.34417076275508895,0.39510783617493284,0.5822744587241522,0.6993884698699266,0.1588723649366621,0.33312496762002997,0.3570289894690831,0.264637274495667,0.2924272232304596,0.18012243212353982,0.601990395485865,0.01,0.01
SYN-0111,0.01,0.01,0.2929678316770797,0.14091814458514096,0.05130623337329905,0.06630363956453067,0.01,0.029478071645301376,0.08445199763720665,0.18187289008407848,0.2804744525945885,0.2412245266174292,0.40395465507866496,0.6071760222017426,0.7458011624758772,0.3048640646273313,0.5856352865629061,0.5520558764352002,0.21176188470315638,0.27145210933461433,0.37653883419388845,0.24399244396061298,0.035370967671743525,0.5300094262208543,0.5267290867744517,0.7731055661230051,0.3522604368765764,0.47842361449394444,0.3385431884328133,0.41085940536237914,0.24896454272534854,0.4654403478774623,0.3286910911501304,0.26363710028050125,0.1378876448654183
SYN-0112,0.01,0.01,0.01,0.01,0.01,0.039025893841625636,0.01,0.01,0.01,0.01,0.021157027854529192,0.34210934923310454,0.42509415437770565,0.2641315403536644,0.664316242935545,0.43932080049192884,0.5048372416457201,0.3731253686020082,0.3884392167768605,0.32652531266438634,0.3833541895454433,0.4062819730549368,0.7714848834628312,0.5316934535055817,0.32864322687593817,0.7743285140838657,0.4062509553636021,0.4778564943909642,0.3301889413264422,0.24142638309815062,0.3053414544869178,0.3192722975111074,0.3908829667563634,0.02139857231371503,0.21517412695384586
SYN-0113,0.08866853682969084,0.01,0.2792943157930784,0.4104570026333077,0.28103182860000203,0.14397563328290658,0.01,0.31008294379617973,0.01,0.13143881579157984,0.19696326211416218,0.661183920504356,0.3239256978196885,0.6293265245494799,0.8267295337910685,0.2046534866319282,0.8824197919057333,0.481026073464703,0.30877435104343537,0.3302995469298303,0.74663097978825,0.28630405828488,0.521585028709184,0.260318852591996,0.18390595198922516,0.30822555177544914,0.4881043691971184,0.45839435090111635,0.31885726715692214,0.7416992479445184,0.3949903241145187,0.044439735059997265,0.5929571693720667,0.3155206324629492,0.1966798688516155
SYN-0114,0.01,0.0901271311177416,0.29190722441855455,0.46679155239042314,0.2868323519427761,0.31399644937582594,0.2534435984933094,0.291812730032651,0.3123676342944699,0.29832018488052053,0.07114492990767055,0.26624776761157315,0.5435280337494398,0.726259256438468,0.41118005078783176,0.42091399440427624,0.5385921330666416,0.477614103649296,0.5710217717653046,0.0723370418799403,0.30752441646218764,0.4880966248435735,0.4321098495574674,0.2160272374296051,0.5242672087471167,0.6593896925063307,0.19623896018690115,0.6182394552482818,0.16359724595113814,0.256551639519978,0.6056711830950239,0.2177511953238896,0.36126018459196657,0.2449862979977475,0.13520775808103358
SYN-0115,0.7745789397684577,0.99,0.829901600003835,0.7298360405923799,0.393350877749312,0.19394277735474486,0.6688279055578411,0.450981997753847,0.5065418886192069,0.4261565280929767,0.5007486220686093,0.9493980795332639,0.8671612952795122,0.5370602609518043,0.6684871977535873,0.7091589909993431,0.44000389462340117,0.3786840198182085,0.31431107954000237,0.6444255300344005,0.5539309191238853,0.26689909249805976,0.44067529078546036,0.5245764827756524,0.23982906029890982,0.33762223340118885,0.18551994083556153,0.7597339922287456,0.3632629855404376,0.5164784738123738,0.684490957055342,0.298911413969485,0.15170813794234103,0.01,0.4137543457187963
SYN-0116,0.01,0.01,0.01,0.23196124370394358,0.01,0.01,0.09168832878580471,0.292501130866711,0.01,0.2133125325717467,0.01,0.29639922446084965,0.5053780358336342,0.6422526296867668,0.7943236663473009,0.01,0.24690287065354644,0.4829558345664807,0.5065451980653412,0.01,0.15234951004109418,0.01,0.5014135329606002,0.7742155962623937,0.08047862536803041,0.9321376699674735,0.38402035960549685,0.4943233982353683,0.22938069806597505,0.22033818504359418,0.41427734102159325,0.34845153355735903,0.3129596348178665,0.09100939996412463,0.2594589726084524
SYN-0117,0.7328734007229171,0.99,0.3979302720849951,0.5595961713836879,0.2863092550123635,0.01,0.3711604885210613,0.5827084294317766,0.6256737890696682,0.30884556175098293,0.6903998236919898,0.4149779736530744,0.5268519301129528,0.6249159206265218,0.6086155460191575,0.7384486418793773,0.3869711756610299,0.03415074531213136,0.35932182717563466,0.8907309886401328,0.5687598053405917,0.22874538226041138,0.28747299072498744,0.7369031258150093,0.24688971088943382,0.9596800422110214,0.3849361180427109,0.3282131078526195,0.07560565649195716,0.13925602164345247,0.5271909083341448,0.01,0.2184387513015134,0.32120267066810937,0.19349356619745914
SYN-0118,0.14685452728539417,0.15928363603958307,0.5604284675560327,0.4869890950313611,0.19388661502017426,0.38157802179153977,0.01,0.21467541812857413,0.050719560946245246,0.39974247812676955,0.01,0.30328942159888245,0.6404856588578551,0.26017293305497835,0.5420373248996148,0.24711314205325635,0.6101612948804904,0.6802147545423975,0.4948948494489992,0.5255796173353043,0.4977566938821618,0.20992028119482273,0.4101864883071201,0.451744257351649,0.12268627125878917,0.6224816193967894,0.3377949210404649,0.2751506000063028,0.15217856101487567,0.19682919086821937,0.31346634541962914,0.4622565289461661,0.18737328378853374,0.1998800024741284,0.32398784808684233
SYN-0119,0.01,0.07394005320382324,0.3497063539551365,0.4717129533645709,0.31347272827048367,0.45269763405486313,0.12853606376766585,0.2674671017831086,0.21109483747796248,0.3023126324871944,0.24328248460251634,0.42787539182141754,0.3685637156649519,0.4783785370168859,0.67500844845027,0.08227536078728043,0.6781451960477332,0.34424769161405416,0.5545385563768088,0.1754559624776486,0.5011114683035046,0.5377479840473787,0.5321376802752699,0.4741927868972477,0.3963531060056055,0.5221253883891301,0.30904295941115945,0.8532948746603862,0.6562464641625589,0.28629350645950985,0.47929927354822843,0.14965251230719936,0.3947026307240787,0.17236766323730526,0.1862700128737065
SYN-0120,0.01,0.01,0.01,0.01,0.5399804341830323,0.01,0.01,0.19210464527651194,0.01,0.04817903580246902,0.19944808787197604,0.21957272584240395,0.44772025800953047,0.5707484844320807,0.745102357957786,0.39105292356854704,0.6243231226379068,0.6217881326197688,0.3612616822728605,0.16804703362297588,0.5323345422386598,0.16707908913953523,0.5117488955228526,0.5646579749346899,0.5065203712747449,0.4747726408918095,0.5002031410745706,0.43132319753388926,0.47788593653413497,0.14580632779628133,0.3334772718704945,0.06011753655499866,0.32726076882733496,0.34157542549519915,0.27318387944593414
SYN-0121,0.01,0.01,0.01,0.14305583994792398,0.01784868385590914,0.01,0.2737908448847476,0.01,0.2537993217210315,0.34100741680111485,0.32071234743661614,0.515141112470214,0.519465984637572,0.5214617490002204,0.6810642070490203,0.10551613666363796,0.5369336690934166,0.6197054124714748,0.3898117005236015,0.1458529021362396,0.3177758723496251,0.20639847922808738,0.301129283086481,0.5373598896759234,0.23434973996920788,0.2731495477679872,0.33939225362424386,0.12437231285928887,0.3161713324675757,0.01,0.1276575796928741,0.2261900504779666,0.5584496734997468,0.5998427972957319,0.43303247555921176
SYN-0122,0.8155141542875051,0.99,0.7803912833721292,0.6338709489839844,0.5350994371357114,0.5484704487258149,0.8326778429207926,0.5986762242706811,0.7609585853644548,0.3225502931559488,0.4983998003707646,0.5638562885357726,0.4500350843425436,0.6907431214472791,0.6530149855225561,0.99,0.47172084641554185,0.3681493228423826,0.30048376841654495,0.33444503286266336,0.3475745645823616,0.07781460071833429,0.7104044134524351,0.4433173907687725,0.28263135050223304,0.6348108772922243,0.3307539915408894,0.612067328249943,0.1937546800783754,0.26227357951095914,0.6643817919004716,0.490176726036596,0.630606841714456,0.3257613840798641,0.4878274541849896
SYN-0123,0.8512261687437731,0.99,0.5231760931568796,0.9889431737452306,0.652436676815839,0.35287646559024,0.6367917971115045,0.48238510336756213,0.8206870376731941,0.36686291274794963,0.5250106745291567,0.5783755963379164,0.6236941043783262,0.01,0.604840981935943,0.7416124664228597,0.5785213216208994,0.3760691861007189,0.1945588617720947,0.5431435816414409,0.3142002924813908,0.5217161287818983,0.26250174465937987,0.4135575532164314,0.3966075842589806,0.5127162249903137,0.09024672085747795,0.6158739748651594,0.5335863824589028,0.33044271852484003,0.7442666564888079,0.5942401004886793,0.222686009596077,0.01,0.03154370146836616
SYN-0124,0.8354119881250974,0.99,0.1630989714657643,0.5796062525635289,0.09903264941006312,0.2507071666766424,0.9024335302287637,0.6238962937412076,0.6782295970560883,0.21174288089824944,0.6426803949413851,0.597401518841822,0.5580292718868611,0.428805588952871,0.32724704238264646,0.99,0.36780296607621094,0.27596544789528094,0.3945058641363893,0.7268053010140253,0.48959454110492406,0.5379325701152854,0.8807817635468321,0.49955908853581354,0.1045499552758967,0.5335523297955842,0.3069198146633502,0.31475562644777544,0.16259897337083443,0.5983586574853357,0.5008582912786914,0.19994985439381546,0.4751270115837301,0.33541850894134406,0.14764739973839178
SYN-0125,0.01,0.01,0.01,0.01,0.05111645638147844,0.0745336452502725,0.25357995149329793,0.05362708729538283,0.2591566062301946,0.11385298022840323,0.4747000033915638,0.01,0.41166111524227267,0.46528209142063204,0.5907742678581029,0.48098436177855197,0.38313672182039293,0.4808267308985399,0.6082738111145933,0.03705638970231083,0.20213303744099326,0.2148264568464214,0.3789476326030453,0.5543501763959036,0.2871050311984941,0.5885303203267356,0.14689937998815805,0.11894111675957941,0.3752262319464455,0.2767516048121112,0.01,0.28130001290452195,0.5213185580372136,0.28995460455452404,0.24517232791199978
SYN-0126,0.01,0.01,0.5847530777810095,0.5941197488125357,0.3324428249628635,0.40774844490978446,0.357762322915529,0.01,0.01,0.5159693050063241,0.14034267969343747,0.5544958805583872,0.6552008596571385,0.5814172493433964,0.4117518255856474,0.12352839265926105,0.6613080342612351,0.3036959798255547,0.1696732675729866,0.1345510791912301,0.3101618131856262,0.1681964699852005,0.14160379886145905,0.7282808999839092,0.22780171069675395,0.5821943804826931,0.2645617855237609,0.705386957052779,0.25398013624091337,0.41054340156962366,0.5590586323230139,0.2712126315732221,0.4401461204530279,0.3933225201507613,0.16758553396142203
SYN-0127,0.01,0.01,0.07692495293269921,0.01,0.01,0.21460489634759458,0.03206670802265532,0.10419397724671157,0.01,0.032421625854386446,0.33438214321490217,0.28649809645672114,0.2028800712033908,0.8214442937098916,0.6309531636308651,0.01,0.6034171269327403,0.24290956055420043,0.4681680126708127,0.0742813850437093,0.5720722713151258,0.36303727374686257,0.6250636126572223,0.49623599599022666,0.3602005364706237,0.5288930385548839,0.4955401032950679,0.30997215778062726,0.36628069303822236,0.261100699584678,0.04386864003421706,0.30225770999473245,0.30484783340861654,0.08678967374954744,0.1543524365780483
SYN-0128,0.3709504727829806,0.18201534808735192,0.12910479028756508,0.3422907832640578,0.2398858151540873,0.4221817425925992,0.4023552129267853,0.19520519106186382,0.2898846484483643,0.0637884394006562,0.2334221338723458,0.28573543877248864,0.8342228472681046,0.30206763341335396,0.2527673287523569,0.41809779487741977,0.5963679908319308,0.5971462143678582,0.28608192476485245,0.22846285139018824,0.49706927411409924,0.17254661127003904,0.6690790717611698,0.7340511175011312,0.10077894269431667,0.718595261555717,0.01,0.6647502359997528,0.6283209225415973,0.40362093971613866,0.2377119338354202,0.18179937940084984,0.01,0.234053502175558,0.2651185658515851
SYN-0129,0.01,0.01,0.770082119447498,0.20464398015786195,0.45726703945727454,0.5685534476518926,0.20429101972120148,0.442341232093664,0.2971463900168472,0.4563011151270804,0.20073113859028544,0.5232124219535604,0.5252712837161497,0.38295131163901963,0.5674577243437202,0.22495687141737902,0.44983929075844464,0.5712295358467329,0.6486560591164029,0.3571813887708964,0.6409041881511697,0.20986994393862962,0.1166181211385317,0.32611931155011353,0.20316120072139454,0.806917363884768,0.09396707745408246,0.2874533541300641,0.6504219404077387,0.2206107987293505,0.7835964449463474,0.27377684081872267,0.2137364721829893,0.20971537031359555,0.1130759844219564
SYN-0130,0.05479889067802313,0.08724678345872772,0.172504553710827,0.20877240557865456,0.375118447411185,0.09563161519213202,0.01,0.01,0.01,0.3575351876915597,0.32116069007966086,0.0911990016880802,0.37535779019869847,0.7967336676917736,0.47875159488129626,0.36501859787504404,0.4401804828215402,0.25176508867884995,0.6639724636139395,0.02662573410955152,0.28837815059614186,0.19350375590961594,0.45687902917979695,0.29353637204510585,0.2326908784483483,0.2660965592185003,0.3284393435115021,0.31847503738498856,0.2965698956580429,0.21939416765292277,0.1347999892746748,0.4194406020407977,0.01,0.21732964053443646,0.3354874868078174
SYN-0131,0.23965916558715053,0.7461294587068579,0.573529883825179,0.612697693449016,0.25698084266800103,0.11510075302785228,0.5246600598803919,0.23514255071866302,0.5745961160431889,0.547423151292047,0.6698864809195264,0.314988366474352,0.5572145730057791,0.4024046756184832,0.5258092703084775,0.6876386104107693,0.31215170529809055,0.17470507317129128,0.4405623459632084,0.48385640826694054,0.7965320252512486,0.383446405552204,0.28211297066086016,0.48647936399263786,0.18582128876063825,0.6392756055498273,0.24530599181460008,0.6367002272801807,0.2617592038082867,0.4184169866445357,0.6914876506643891,0.2567561504828164,0.48169307064118483,0.1555490625629095,0.033570002633064866
SYN-0132,0.8682329482420957,0.99,0.4500169819572094,0.6649984534494553,0.7799019241071279,0.2728642714512599,0.5791518085697693,0.634123258294554,0.620598169569085,0.2679263575078644,0.0863649110092134,0.46371414387208953,0.823977359971108,0.5445703130687183,0.581072000369267,0.4588695179159931,0.4293264601097222,0.013741889601118662,0.23759472868911138,0.48179213845051005,0.7048934956019024,0.5976739516403281,0.21410419594660907,0.7276353457560629,0.1267144757176026,0.6683860335734996,0.27858122114866624,0.6103679215232801,0.2725941037668164,0.2742146119785152,0.6564505323417937,0.27444091457351566,0.3999402039138278,0.19126004074685293,0.03997239253878071
SYN-0133,0.01,0.01,0.06883766353584339,0.016482994717931604,0.09638419738390602,0.18818632176475975,0.09828652555642638,0.018812395591127337,0.01,0.3211500649270474,0.3505421629526323,0.3760800626815997,0.7626418223028284,0.6292441524917413,0.35549197498807494,0.21436187701043546,0.8774209507522479,0.6129415687034245,0.5794103018551923,0.231828778402269,0.6466952030013733,0.1767634208470729,0.6523390319358464,0.42934289703905104,0.30875196651941966,0.6053213689803151,0.01,0.3918358534410551,0.13766945319016283,0.5347848771835314,0.21271164579800733,0.1833853600273519,0.01,0.5417851909071785,0.027849988385228924
SYN-0134,0.3810029620917942,0.6471305347812721,0.4619360079595025,0.4717633441405233,0.571163643383804,0.46461093227419076,0.440873869915366,0.01,0.19557620926398547,0.6997667689858761,0.3606447722798346,0.4527725189887934,0.5079525827031853,0.44969179061343817,0.4808684351101142,0.5158221288348906,0.6969576479559231,0.10549818880178904,0.3056877261498981,0.4197381334562007,0.8091108803402343,0.5754733845893085,0.26340607161988183,0.6033275362750083,0.12752988954640151,0.45207627175429815,0.33511385132863913,0.6574541218289665,0.6103906072561485,0.4795737304142458,0.6429485605162187,0.029334633305645952,0.2808950995426238,0.1022038929291867,0.3711090058102521
SYN-0135,0.01,0.15580597497335474,0.012042161493185127,0.08064981690542994,0.18584055419029613,0.10977065694270463,0.564551877946601,0.4318722371412703,0.01,0.14504222832417504,0.30484143208330794,0.40348995637870977,0.560396991138638,0.8077635204170323,0.47603828659408604,0.16966100578538673,0.7808054894364045,0.7033149605791398,0.4117277568154459,0.378350154933549,0.2923149812289886,0.0767714607168791,0.41437281173073653,0.3707402316083537,0.5665403667345188,0.2911383184016048,0.17035833590798638,0.4035668172168173,0.14646660281183868,0.494552623901824,0.674969697979342,0.01,0.01,0.23660328364713448,0.4477007260783376
SYN-0136,0.343138219028131,0.7577891141492064,0.785546621509521,0.5875923460527899,0.6103896787628613,0.7498959028525529,0.37018532698409545,0.13182420956446178,0.4147243519324094,0.3518611967277491,0.4662219019777313,0.7271918612547021,0.5584736391261382,0.7851837452066528,0.48528607754739134,0.9044038084428523,0.4443101812138187,0.3265195567105765,0.4450344954007225,0.17103559166989996,0.7801459582049024,0.4300631731524289,0.01,0.41965417954734097,0.09101837548569378,0.6913771684186927,0.20484719421955488,0.6674660515724349,0.26002192899438575,0.24218905141268296,0.6333772301910454,0.1877846885907336,0.2764086517742177,0.1822534723208483,0.018954620243873843
SYN-0137,0.27351736828223705,0.5385949404054525,0.477616464795518,0.5780888879779995,0.7052346365234381,0.5762464894811925,0.47249438993271187,0.26675742928298607,0.2084899028840905,0.15481634736045313,0.2276549639497896,0.45751745503965696,0.6307060375318837,0.17911913313789268,0.3860446067587878,0.4188775271234644,0.7670870189598964,0.5321087939341383,0.4200429996947023,0.24088327088096453,0.5285937110087221,0.11715338822173241,0.11454216328123087,0.6357798734051576,0.43230517757799825,0.5652800844604128,0.2788768288748219,0.7370589874665595,0.07763351823809556,0.2891508040059271,0.3098501218342957,0.4788775843571071,0.25613174412861095,0.2536429626997149,0.272555135932693
SYN-0138,0.99,0.9288055277907947,0.21329348170058998,0.4060060572239092,0.17462757222175213,0.456874720411979,0.6457189704756612,0.5922788423690944,0.8071468435602809,0.32673851222650385,0.3555833923697735,0.6539331148371328,0.6254320032592791,0.6084236242722081,0.6904184899604331,0.99,0.5340405638141535,0.5984666448075033,0.4345943493498128,0.7004990711085571,0.41921528255678286,0.33559441532453504,0.45531723658095385,0.5081971076516113,0.35683612304242274,0.846449248361846,0.24606604446077862,0.8356095262088707,0.2946503931210103,0.33172948994568374,0.4997989441808671,0.420164960684991,0.3748109467731087,0.4229219604160356,0.06654444031554538
SYN-0139,0.01,0.01,0.18635319278097234,0.22159936372869876,0.33845680225261426,0.14711473346448264,0.09862789843564693,0.034175787729347915,0.01,0.14161246758836227,0.17207134293330567,0.2545980744040772,0.3499615807987378,0.22974543968058775,0.4736649826542667,0.15110823164367643,0.6624917260827998,0.7073799814758275,0.6277476610034313,0.5583770414128104,0.588620229610166,0.19245253878339363,0.5395516153210258,0.35283773737100366,0.23251143321801496,0.29475663313682954,0.3071394581763988,0.34756914137905154,0.3947504187214616,0.17406253138391625,0.4013183524608597,0.18398139654374138,0.4802513588825616,0.4878937140827534,0.06327575323511578
SYN-0140,0.6658774205409608,0.99,0.5763627181018529,0.8709866665655626,0.5675290947528866,0.3464626562884585,0.6939550410768925,0.6383078039613586,0.6540796569812484,0.49928759342017887,0.1697095088422632,0.4012469935360248,0.7661474642817252,0.35186665665760214,0.6451779745622525,0.8340200799581167,0.6665991295485293,0.42663127394020156,0.05294585946729849,0.5769426849721596,0.5374076488811961,0.3941607786388221,0.14899337847722538,0.27080329059536334,0.01,0.6000756533759515,0.05719673281227747,0.5601146127037004,0.17079285601412655,0.37695056891173195,0.6688199792356067,0.6014218113610997,0.323815962397573,0.2620682819600139,0.01
SYN-0141,0.9439066440452484,0.8631429099107819,0.6553854382799537,0.6721650224060235,0.46392624876688887,0.5324585786591757,0.5428434002049616,0.45481646975185813,0.8354748955294642,0.390090017989425,0.1518561097775996,0.7523666710893324,0.6280685987415622,0.04150490440491317,0.5430407619021344,0.628989991371881,0.7155609814315185,0.4825364473897469,0.36751545836775834,0.6814580597458725,0.20998283127697542,0.47586894868237034,0.4830520185396072,0.5631186638666137,0.01,0.465653047783683,0.35848132090909246,0.825081373885513,0.01,0.7144441614658122,0.5868410141773844,0.5138928807569405,0.4887702970235371,0.2874756367095726,0.21600652351536295
SYN-0142,0.01,0.01,0.34383727360400984,0.6289104876099532,0.6455069771671249,0.42203789376905104,0.5271203605740322,0.01,0.3595745288078871,0.3473435524628401,0.32561298003081646,0.4817934968529742,0.6052015157773762,0.7103940823130058,0.3882908956569268,0.3871901998282596,0.6631946045655432,0.39283937123505236,0.3797283133426343,0.01,0.5891929897020461,0.24100098274220152,0.4332124515246421,0.3917631515384701,0.21108926836358916,0.29620802211257413,0.01,0.491890147408424,0.3496209580363056,0.3940230921542333,0.7230448243412927,0.19858415596516374,0.338498612446,0.39797656677637905,0.1793514603351547
SYN-0143,0.01,0.01,0.12501979673870037,0.08320289729942448,0.1572224068863209,0.01,0.5638498272473401,0.17710696811739401,0.03437143791937502,0.09170477788385088,0.47012285163414586,0.1358385685086462,0.3132066188589204,0.4977579909618399,0.6803336866774716,0.33043394397099185,0.635518020140613,0.3208341161939706,0.4254510642464064,0.031330822345308276,0.5444811138433678,0.0778433941082543,0.5799251499393014,0.4876123021716012,0.33343846850320724,0.5107782265567019,0.30514034605885776,0.580438279610402,0.2170659916237682,0.4626976918528782,0.4745053556591086,0.03710816069486467,0.47815103747993704,0.2521326092954923,0.11023649327073964
SYN-0144,0.03711495652466862,0.31537575815662144,0.29278420619549617,0.22564685317802313,0.544264507933012,0.36792989896917944,0.2213193918458314,0.1993559908439903,0.3396013521906064,0.29901719106456914,0.37326370321351077,0.3469930704664872,0.48996250689926607,0.3542716581815683,0.3575843372056572,0.23750527710204727,0.24516939366521917,0.7649326401815258,0.428153897071331,0.39138722048559815,0.7668865143921176,0.3444760386890502,0.20281051973739558,0.49487401720312796,0.01,0.7555589108080587,0.34005565776783325,0.539850099206054,0.23971273921083205,0.09800784478896701,0.5539450437586659,0.3537003668276256,0.4695377050846433,0.2360822902218363,0.01
SYN-0145,0.038679328989273815,0.6111578216357254,0.10607724687771505,0.6617851579297723,0.2877308900452162,0.02751463455453551,0.11264559225234505,0.5191437217131384,0.26941278169223715,0.35585220239055654,0.34818088951196197,0.24742913901287272,0.1066911331197008,0.4025733016565143,0.5366232158798013,0.30424273232179544,0.6888094907556489,0.5147804116082313,0.3856851639092652,0.36457822394217854,0.6711795074272361,0.1660678131909442,0.32794493491215065,0.5546227579687325,0.29434599511124876,0.5268296207966365,0.13734582205899332,0.31401966263760017,0.21973636644328404,0.2544150570231821,0.3171622660507073,0.1049798886047926,0.31121171044920654,0.2533211970676031,0.06348341358494328
SYN-0146,0.8337790669884275,0.9537992094060287,0.36459294430613115,0.44624235631681075,0.25077435743006116,0.1909547199200713,0.7994506263762962,0.49843049540575857,0.5127018063636825,0.05591680521671705,0.3314327875241657,0.30130754441153856,0.6016678844889204,0.036284200425188595,0.6891032860492081,0.8599089928966801,0.5658267347460642,0.48168978564283493,0.33206739675824437,0.9196373373243798,0.20939514418236696,0.39139920741798834,0.5326990545723179,0.3646073593048115,0.21026182204769137,0.5844339258338449,0.11265598409778879,0.458606677886259,0.30049301417501356,0.3106251040636641,0.392373908450875,0.3558820325776064,0.3761150612006313,0.3618385281257057,0.36636780330215346
SYN-0147,0.22645076347425963,0.661097694894924,0.4169587646363943,0.4709953418923798,0.506643594244835,0.5645346864852525,0.42466962942381237,0.17971815571393432,0.2581995736476815,0.20958985556424264,0.3414669815768865,0.3849449116073575,0.8686748442914194,0.37169154438049773,0.2740454736255253,0.6783903168872547,0.4532185729479437,0.289918581599493,0.6181242452317484,0.36099334609924844,0.5958321631825386,0.1559127844128996,0.09708685757598504,0.6453684294954573,0.4835252913571683,0.576309022057567,0.23627729466254743,0.24856732266185294,0.4619013355207644,0.5563588653893659,0.6199958684646683,0.15931314575083874,0.01,0.22022605807863407,0.13823600532563807
SYN-0148,0.01,0.01,0.06686433218557612,0.01,0.20672131916297354,0.1542467914469071,0.09086040945150252,0.3713544889448558,0.01,0.2070886287670682,0.10549952526666505,0.13607664548859125,0.1445604043374919,0.681439201023832,0.31479179911816607,0.3813978884919697,0.4945976036475644,0.46584042369950474,0.4932801003371906,0.1748186506311388,0.5857012324209022,0.4127093663698537,0.3253091275582848,0.7394378799841002,0.2555479337901032,0.4659826303304062,0.04265076060614231,0.026617864507750777,0.2953821766349428,0.19922594078394038,0.34003852752563457,0.01,0.3237126379915859,0.14364181957480338,0.27869924701285176
SYN-0149,0.01,0.01,0.10411106244140163,0.01,0.026971570619033,0.01,0.01,0.29668532046211726,0.01,0.11815304184467909,0.33604220337791135,0.17280527597371864,0.4112193067207146,0.5231743442011935,0.4976566578304849,0.4098411577466054,0.39919628219170156,0.49756299589017033,0.4897356842362973,0.05098524702435585,0.37752446414058227,0.3604102165111407,0.27863209143550427,0.6744444917828382,0.17022122949219803,0.9634171988559026,0.18135454760868608,0.24820175639176628,0.5426240404539842,0.22751214586840643,0.12811982698959185,0.06722943219150046,0.2811398122760225,0.2560057487393571,0.19468786417518405
SYN-0150,0.7053677050927459,0.9498918259574677,0.39682826995039444,0.8453570042760283,0.31963988208688754,0.5529313114484911,0.7453853130132736,0.4187856642702107,0.6018766689212675,0.01,0.4132749174998569,0.4880680444119203,0.42220369243936323,0.4482996992348011,0.736840162692121,0.6489041895071359,0.43228114624502145,0.4919581356746564,0.24908416086847815,0.6540531233094209,0.4012302193212452,0.3278059008630039,0.5325527157846801,0.4031744438585902,0.5442264701833489,0.4641548801010353,0.14333907265049803,0.5761879682408994,0.36301548445164405,0.679691046054895,0.651983790186883,0.10382024455370284,0.4612891250137212,0.2268919701650872,0.46998492849293527
SYN-0151,0.37440724902683503,0.36497320616332857,0.5231836191768953,0.44873785200477906,0.3888887401641685,0.40067835899207555,0.011621331280447289,0.28971369526596175,0.47502157238970755,0.44148715045199405,0.5246941801719579,0.2583417603147147,0.29752201140586176,0.3643961977468464,0.5499669422144051,0.5292370100167101,0.2373273651744076,0.06600854575854831,0.2794182932593627,0.37993124705415643,0.99,0.3255883240616208,0.1660361412379027,0.5529174202157066,0.05855206009444269,0.739494817563056,0.01,0.4256531709357694,0.4297078297284493,0.3417424623686949,0.6381461406112767,0.4657632569161222,0.25176460096836567,0.01,0.12419696478506771
SYN-0152,0.99,0.99,0.431617123843794,0.8263515608039214,0.25290207913749896,0.4825180437937079,0.21635573437912914,0.6108009045604137,0.8983232859745771,0.2393698517507559,0.670091901762941,0.6249612364288833,0.6994739219186898,0.22601432857495443,0.3223485747993765,0.9480767743271513,0.2635221319287816,0.4815770662284058,0.21456005846547885,0.39305777186435126,0.25625245205005875,0.3934064062689631,0.6372920398269841,0.4401018807130257,0.07217030892851772,0.4750586188008894,0.01,0.8359599005032111,0.21046405822249858,0.5007591902207499,0.32251632681029496,0.21565035851619596,0.41314771236647296,0.250163512028332,0.26284073703269656
SYN-0153,0.014193304691880617,0.01,0.45074627741473594,0.4585740009686229,0.2094554391110968,0.5272404250834457,0.14068916389519948,0.01,0.29961663184607107,0.15410641252791968,0.6007441860391335,0.5602216192783824,0.1741505489862794,0.7924376162902593,0.6429385639163453,0.32753591286226147,0.451262901998994,0.6050020906420477,0.10676792382178457,0.01,0.560912837000072,0.01,0.5442374286370475,0.3256926433276069,0.1866902006619489,0.578109579798065,0.4700933145550219,0.6820387507563307,0.308556266678378,0.3949311184255876,0.35710354614002404,0.19696580690731166,0.01,0.1916971860983984,0.3152727624014985
SYN-0154,0.01,0.01,0.01,0.38437491098542476,0.24738997687315797,0.01,0.2522719747058847,0.19100666917897524,0.01,0.15247180191756785,0.17245779729851102,0.4830562360268818,0.32100087769618457,0.36862760795484173,0.6166350329094403,0.18590905757511603,0.720426942489858,0.7062731963107578,0.32976576312574324,0.01,0.3406402062928179,0.24662453840307952,0.5647325913283203,0.3119899118072683,0.5773187201977369,0.6367228031730473,0.03186600897419756,0.30595442569212977,0.2679910195282361,0.08644925262229644,0.302621995126731,0.3232611068412697,0.2978674221693546,0.31160167189208987,0.38141488228535947
SYN-0155,0.8523434999284799,0.8579072091852052,0.5295853927291537,0.3526972735093894,0.5545922830825962,0.3144824064791057,0.5195392006535648,0.35558312732741937,0.9171185474630303,0.1392308221996899,0.2680323708254124,0.7700795435372829,0.5452830699699681,0.2236717397429195,0.4461914808938677,0.796048208467345,0.31915028983668753,0.23661013037484652,0.5705366274928475,0.5838530335218167,0.2197209498254631,0.340938870903125,0.5548998766180254,0.45844243175126304,0.2630623663622891,0.538582381750686,0.3687360600036109,0.6799498322923322,0.2798231052325279,0.5683248009552555,0.4653163317264171,0.15664168688007749,0.11954620286703121,0.19167006595484407,0.14006501212456662
SYN-0156,0.01,0.15134778922489683,0.35468904734765905,0.4377456886374075,0.6311572894324355,0.2714770769667316,0.35561825864645147,0.16921024267651455,0.01,0.4458220226798733,0.30477244063898895,0.5950067522028729,0.7073816736897154,0.5499202501515646,0.5112466796424293,0.38758841961334195,0.5050179092214695,0.3275601560521318,0.4818000860942407,0.2208291039843572,0.5730995611992756,0.23933316501251237,0.3354657153895731,0.5161041455818994,0.5159369953686586,0.8725115630502,0.3125842491231445,0.3252034173174191,0.5519634151978953,0.33910929175102084,0.36249355527403393,0.38607033086959075,0.33925959586011506,0.2410919897670086,0.5152074423517196
SYN-0157,0.99,0.99,0.42219903498226946,0.6573925974628533,0.4411377126998407,0.44550051519587913,0.6223593254130726,0.3028414592852521,0.5378875283280068,0.537069032932009,0.36400323109205607,0.23480014945312389,0.5885442239484537,0.43400053975288927,0.6667032348428692,0.8525439601502169,0.395011051681724,0.37499321710310146,0.3554635972013117,0.7041058250218535,0.21812509054495824,0.36921875638543966,0.49672058145015324,0.3640146758681902,0.3177341803934681,0.4699550392716236,0.014088858675258858,0.6741160313809705,0.1836207673209618,0.5587580736360843,0.6970667569002158,0.25267244698564506,0.252910954759458,0.19493277305222667,0.690245658374776
SYN-0158,0.01,0.01,0.29181978195307334,0.28664781022427566,0.4853177223714963,0.2616352351281726,0.2783177541592156,0.04969106589558703,0.01,0.14713983687201918,0.4825954569849019,0.31618025154584867,0.5798426953080703,0.421281958786304,0.5137359468762589,0.2551954849266423,0.7382297788594997,0.3979458657833449,0.4797417991928043,0.05614853876375292,0.8934766725602276,0.3858072636754163,0.2681979628677937,0.32497174849318644,0.4124313803600935,0.8252009589506186,0.06954822869979149,0.09397222417399925,0.4411676523389034,0.4989649101574158,0.36391550111021537,0.4078611317644446,0.24612624593375548,0.14079429413359043,0.23320225106034217
SYN-0159,0.16652690861017494,0.6796862430515334,0.26388147502427045,0.700293681451472,0.21910490928977014,0.3554217777821087,0.5060225018654017,0.3557346323426833,0.55521179974878,0.3345989559545775,0.2872723982880071,0.6074361058633374,0.7519447271525569,0.3877126766547192,0.48400404422880383,0.26211309293311363,0.9085025172319862,0.5843765058488815,0.5138002398606775,0.40803162774012053,0.7320213993643762,0.4973573294810337,0.4984137173645834,0.514477721399482,0.21878783002620314,0.6228270084421694,0.05816607514910113,0.3912538410202129,0.42454081220762613,0.6275035599901663,0.7714455111211302,0.49183368841258096,0.0967348699060604,0.2460490530927559,0.3722888019022765
SYN-0160,0.99,0.793233490683612,0.654885290330106,0.3382916136456626,0.18798186147128243,0.7199974485539051,0.5734555135181427,0.5492598964500691,0.931980989652968,0.4305457993507933,0.6208485028888427,0.45885077284563347,0.8577784632569707,0.11338718586959279,0.5442637140019199,0.6765456926404263,0.3616286124432272,0.5744376393411332,0.14616483347363013,0.46947489591741026,0.14316988583038345,0.6774206948012353,0.5177888010143297,0.6280353990422832,0.13489863715481495,0.4263945972143517,0.17018566013173825,0.633283106614868,0.2884313548865628,0.18797607183776407,0.6877544539955405,0.24990114506002886,0.09242931817621955,0.2657330308161751,0.01
SYN-0161,0.3193152559533865,0.26823300136401507,0.5002163127869635,0.3725380676351425,0.45385579182283653,0.343209380790273,0.30223406029571154,0.22825676492898056,0.01,0.26854738769369424,0.13979771694429569,0.47181832007305896,0.5922092304822918,0.5861070103025692,0.6222687212628341,0.2523832189560047,0.5420609056705041,0.33388357257274753,0.6957279996186232,0.19036883000099145,0.4892551120979589,0.11802970519002035,0.41749821626553807,0.5370274249033596,0.21107553866939668,0.6110948214445358,0.09562679020155182,0.463038734969023,0.41809148012527736,0.3992519418735532,0.4074950095744156,0.45152567156003476,0.41494130632972837,0.3480496316810817,0.17488074907144224
SYN-0162,0.042886535427533595,0.01,0.01,0.2746353166463835,0.01,0.01,0.27708079278766173,0.27232897018076346,0.01,0.06335352818277948,0.3412151456072363,0.1236427685792107,0.40015149732193317,0.5259113511406934,0.4265399361725207,0.3290626172196788,0.6586230353770335,0.5297536373807249,0.2554541312176621,0.20888968092719423,0.40631221553033614,0.242746712561624,0.364356820791674,0.15050023683468683,0.42005141923557954,0.5774014496177053,0.39781052642691433,0.23206094120699258,0.17285741619209627,0.1253286783311186,0.1719011163507549,0.15019817699897103,0.13747591367820014,0.32315388424710856,0.33638794123396515
SYN-0163,0.8390171830322974,0.8226382866911645,0.6379062933553843,0.6088645125192232,0.44788696810853623,0.35710920071982843,0.5667354079397934,0.5304097668412795,0.5319632352572176,0.5552386293560806,0.36540981859998056,0.5158133775530874,0.5450423356794661,0.4317942622231571,0.4163346845152589,0.7787886116279918,0.4417549543484912,0.42211592125687664,0.39221505864892137,0.6288438262699924,0.24312828849965917,0.39302502398011074,0.46617847046631145,0.6700404571535308,0.3388487426466766,0.6648092085548537,0.3570372597510838,0.7562289415746951,0.3206116849734032,0.5461703318813304,0.8372382494518276,0.19904381042390926,0.40282567356964594,0.21747657186647082,0.06342863360592055
SYN-0164,0.01,0.01,0.40388345179372775,0.279463976115831,0.26100672840042966,0.3388943959916435,0.292787825317053,0.01,0.1969826289114884,0.01,0.22211231820716817,0.10068297899343404,0.29414283288515497,0.4888844205286392,0.37678908207581363,0.2633461314032233,0.5692014373853252,0.6671833749577233,0.6729243588206374,0.1375638010981,0.4387759377818284,0.4320798599065351,0.2690031496548874,0.4933862979239296,0.35500582174266493,0.4834423192860375,0.01,0.6699506570515525,0.16221745701850396,0.2044734284991056,0.380292114027172,0.3020903687678456,0.01,0.12507035867980287,0.20823452058649516
SYN-0165,0.01,0.01,0.42489217933370715,0.47814345929706487,0.3613702003493961,0.2856185794171164,0.407788176053011,0.01,0.16833687113691398,0.562825013103357,0.14123158563094185,0.23570810075885795,0.7892657216067315,0.45241578154729306,0.6943162491763647,0.3748738318736171,0.8864102175379085,0.45117675343814856,0.3454652784746849,0.01,0.3261921395484614,0.2537806774569978,0.7009026860176804,0.5055185643196023,0.11648443660383453,0.5382729947259405,0.21891821490942218,0.38874575361815245,0.285399589066859,0.2325725436901593,0.3454956007883445,0.10068893520580263,0.17766059062533823,0.1432459692530489,0.34631426190203235
SYN-0166,0.12194654386871479,0.01,0.01,0.20053777772265863,0.2949618564741665,0.0148103598640979,0.25907979562721295,0.11610473918868089,0.18049692506992765,0.05679477931878987,0.32135965926421917,0.5221694175473155,0.5472106179958264,0.1927580263852769,0.5108602206931693,0.1732973452976297,0.5325338951887538,0.4433698028749788,0.47231379518197214,0.01,0.4575255728436071,0.26375607021033926,0.3930099140771576,0.8280830909222113,0.5196301917960879,0.6405021688958676,0.2760793147305588,0.5669785364676774,0.12017300386360544,0.3473348290258993,0.27819942415686805,0.4102689497124217,0.47102947135959927,0.11789336116787602,0.24811775657590562
SYN-0167,0.8811948457719828,0.8380777690675063,0.6408832261523244,0.23593613779112016,0.6313084262545069,0.6876202297507152,0.6526745259418071,0.7381396060230634,0.8470700824797176,0.40626386659259905,0.7233537070345741,0.5113873241197001,0.7171894675461434,0.393557811368716,0.6438549473939501,0.741386928953487,0.2967448118937472,0.2927068509113877,0.1083282776294108,0.7820606554081576,0.5357490369180739,0.32099070513756883,0.9578622899339193,0.5620533684786133,0.25689626748666644,0.3798617108511354,0.21315226248983604,0.3696969812592953,0.2819107528975326,0.8317935090676084,0.7716531106141836,0.030653736449893165,0.40839068085577257,0.26974186087126634,0.20556683185052638
SYN-0168,0.010676254434251643,0.06499628324013537,0.10965518654998738,0.3089960290013655,0.07019163544711818,0.01,0.3495242318877084,0.3396238729693608,0.012457584832038404,0.26473887278703756,0.31018586923946717,0.3026006500968353,0.1508826599331382,0.050634601635240306,0.5105520986503833,0.27121873840905514,0.49412290681289395,0.6188003651383398,0.4963732377219843,0.4455537390297012,0.4663463575879471,0.01,0.23348642304246428,0.6553655094200234,0.2934196000012164,0.01,0.29299416862530764,0.23147919086148835,0.3335265077234977,0.2725459959209978,0.27244473099801325,0.3656754673556676,0.526922825210276,0.2065583970741085,0.24953610192898995
SYN-0169,0.01,0.1394574524705099,0.01,0.3805651549060865,0.24919335175007154,0.2528642013606918,0.34727693040963714,0.01,0.26857615951030794,0.28541986265311015,0.32357694188704034,0.0934000409321285,0.5130021138580346,0.44742918055182196,0.44079055755102325,0.24893072422493484,0.5719084769604786,0.4036643254706185,0.7289664634275413,0.27763220746162776,0.3656050542373216,0.1370185761942665,0.1527664822872064,0.5017073935367492,0.06505343656761306,0.6195386954067723,0.0399906056113479,0.14214283288668605,0.4549449493127799,0.4093445099085623,0.48842656827802494,0.35907924290158183,0.2363284697957742,0.17742504598453465,0.046603529252958686
SYN-0170,0.08018790507154193,0.5707129332961993,0.4670045775226337,0.4195545813857425,0.3557317216915785,0.5116385629207431,0.4222614189310667,0.23486206442098273,0.23148047564455176,0.20520569004922512,0.39187780044347087,0.6592617731179534,0.5139562969525712,0.2628935719639979,0.516305761007322,0.34086168213320833,0.3356416068429504,0.2922865083131329,0.3337565503665207,0.48793772858298146,0.9134094166244189,0.4883953561984851,0.01,0.5016993043380714,0.13137701256557033,0.3348999299104276,0.09097210460557192,0.3797089360698957,0.38766039719065837,0.3550646645077316,0.59617187993241,0.45664189768359337,0.01,0.11844338335302673,0.05209051106381654
SYN-0171,0.01,0.01,0.01,0.01,0.2566111229035549,0.09935895612702979,0.1320366943422239,0.01,0.01,0.1706343327967287,0.0909916933977018,0.5241152780195111,0.6715143362646275,0.6858091049819006,0.37048074165046607,0.2204486402820926,0.8325192094851502,0.5287191127338904,0.39901772490239645,0.1097025092352296,0.41330131770733475,0.30681906473808973,0.5643513025220789,0.7706888382030816,0.13935928177662707,0.7451960943942938,0.4201209660668263,0.3933989500041943,0.26135377816385685,0.53834052567473,0.17374377566943316,0.49063217154677485,0.4172930736881849,0.42038936822474127,0.37754381406142856
SYN-0172,0.01,0.01,0.3788320888650166,0.3245750527342858,0.4508083732752123,0.3664144344376736,0.21303096445328476,0.16923984877128984,0.01,0.24361851823812794,0.21843018392339983,0.5956244831795736,0.6337535609359571,0.4710184213901704,0.13059620448074483,0.5669549162380922,0.5532950214292538,0.3213544770954112,0.3666769333561085,0.12080712791102642,0.5250493282432885,0.41310278954199275,0.1346023395547684,0.7526782836345937,0.2660406582811655,0.5592190446871459,0.4722619439624699,0.5815397666817183,0.3672744012259045,0.26484860206385585,0.5881375140369315,0.5821813104122815,0.24538338596081338,0.1249175763328978,0.054654186897023005
SYN-0173,0.10204234517184756,0.6031502351724538,0.3723780617446764,0.701866671815767,0.13825327242600174,0.37642323723417037,0.01,0.5070263349067006,0.06082714082681287,0.01,0.31737343930566886,0.42428033247576763,0.4903717188211233,0.388291227849084,0.5094689539714846,0.8805239614911231,0.42831245703683285,0.5095868595802051,0.07207206824117518,0.623798296296665,0.5021110698871339,0.6321310354122864,0.15024255149942842,0.3650736533258203,0.3840753646735328,0.30718185301111345,0.28996274419857804,0.5909939305456033,0.3005862998181416,0.36890869923974123,0.42051458831258737,0.3768471237066242,0.17860820196707883,0.38893906018849334,0.5090494611585918
SYN-0174,0.055624229494888905,0.723558447723648,0.5053359385344045,0.42920858600215384,0.6607188882742407,0.5430499269550457,0.01,0.5505477881112455,0.532910793965635,0.31804193852751883,0.7531206750172531,0.6442938296484664,0.5712785221135817,0.2667675088322009,0.6581769614823382,0.7509906634051935,0.905037680404912,0.6414946169717828,0.46218025507825555,0.40208377410111357,0.5189800427409508,0.365571325086247,0.38204516374332753,0.45234547780816425,0.2121564942134988,0.7283712162322119,0.37482605280627773,0.47514643504884174,0.5365557298687009,0.2734745943995667,0.4455907246560848,0.3121148243298426,0.3044231800798117,0.19104249910262924,0.28956308192148894
SYN-0175,0.28594486755942555,0.3243232235508301,0.3913600581859289,0.4322195899832491,0.6862844676019628,0.49103261635586976,0.058856038349127726,0.17983185084923786,0.18459497460397223,0.15608237772022426,0.43877446862731273,0.5399634790604112,0.4352358610684691,0.6531462714755062,0.05997277064205525,0.18165445467493402,0.5393036131039404,0.4634708421994125,0.37267196047320034,0.5701766265583189,0.7938268948104957,0.27135244604846276,0.44161849577995044,0.4244384618485906,0.2257535709756503,0.6418858382974647,0.014669669039791389,0.8531440545371505,0.3193966647382779,0.2678160232943426,0.5017556638615391,0.4915396332513896,0.3777692788301419,0.08159884341578166,0.3662315060053605
SYN-0176,0.7220295857962409,0.99,0.6731170974902901,0.24753870029173614,0.5140811947815098,0.39612193626269304,0.6717039765076134,0.36425294612277903,0.5475138615506429,0.17836423840578516,0.4456882416836401,0.7382096798722378,0.6771422448587365,0.4487669882131807,0.24071448894805347,0.841692518124237,0.5136140714519484,0.34848395119203657,0.3534672848977688,0.2779315335973986,0.29615249594705323,0.3238235348002212,0.47966578521520475,0.5856612586863547,0.10720825226342903,0.5599244568141212,0.051630648864358086,0.289131471652077,0.14361015269081556,0.18307143838487105,0.5349769172796244,0.1554901856838028,0.22990396318255865,0.41295969300973356,0.42910612108880364
SYN-0177,0.13032602440131846,0.01,0.01,0.01,0.01,0.01,0.10706110369258448,0.09267717040080384,0.06954035434451505,0.10047578075285617,0.10189683277894816,0.21285505275379277,0.44163409281485866,0.23285934948160247,0.6158278996257114,0.41862602502525537,0.3376976227532318,0.3972605610753305,0.570977600707655,0.40788272405237974,0.3371815065754875,0.2633822894252932,0.5620701006273249,0.5582929075148775,0.13259181425523336,0.507984523675961,0.10218501314802558,0.23586537553065412,0.29081454205614377,0.3876739284569627,0.20278272013749904,0.3460477386040057,0.4813729728964888,0.12301368792988454,0.21138150856701357
SYN-0178,0.99,0.99,0.6453444648554684,0.2683517434012912,0.3759981178642023,0.41038659439456154,0.620811725289047,0.2848466507321034,0.3878253369855199,0.18094971523618253,0.4600090759047,0.6480798229786817,0.5969487253335786,0.34608409601310164,0.5746983123674159,0.8381796508458677,0.4596905018695086,0.406129993789989,0.44526700578457457,0.6689529381930642,0.42759325751256855,0.3351756201227797,0.5699666833650989,0.320678925226694,0.5008506971193902,0.45527056015512224,0.33615889823308504,0.8758716195079578,0.37830628958221146,0.59223969377645,0.278677346817287,0.25627414246395275,0.498383211016177,0.2445157382931406,0.20788181603760028
SYN-0179,0.05843110207816068,0.15211518053819784,0.1832412885213333,0.4492517825906426,0.3814894448175373,0.3712880401340096,0.2778759185164465,0.26243690883193954,0.14114715056281688,0.17433451163817557,0.5641305460773225,0.5579406843892083,0.7086042538210432,0.27440871631774355,0.788769802093382,0.5875400555603062,0.362895144366566,0.20501276413048933,0.6971954213114575,0.2771465876939749,0.5082428823582388,0.09816493021906195,0.6189455216890487,0.6125122686533185,0.01,0.41715566296675294,0.01,0.54285787234234,0.6427446719007321,0.4999208656234719,0.1531895851353054,0.33532982360173236,0.06958640789569898,0.01,0.23466323019976687
SYN-0180,0.01,0.07931012242062294,0.01,0.12908487647488662,0.05205126684583277,0.01,0.3674935267281054,0.11729124302603061,0.19016264885095868,0.2280361369024084,0.20721949247259835,0.21218455081621518,0.4207452432464264,0.5013104566432629,0.35764533656668906,0.23431642474231323,0.374385286736323,0.7169017023507299,0.6187643114652569,0.18255422367034085,0.3670023151400312,0.4002142131108579,0.5420628761657084,0.38501841362894373,0.021029023008381775,0.46329809968196034,0.6228255240103349,0.482357595980902,0.19887606294827567,0.3054195001974708,0.04192590224347792,0.2199599525951622,0.7516821672808749,0.250153489864076,0.04098725971275102
SYN-0181,0.01,0.01,0.01,0.2220778004421092,0.01,0.450312805780158,0.2814059812271438,0.24473541539591903,0.13491181901714316,0.2585079050318286,0.2267234884411556,0.1772460472699928,0.357013369389347,0.6019255110953492,0.6158417922444498,0.48831552555470753,0.7320338673594966,0.2148827155748455,0.27624978160382574,0.23995754813615483,0.21504851415869547,0.12565536525177182,0.4408251025702457,0.7456691049424564,0.01,0.40500999226448364,0.23010494762122358,0.4011137745402115,0.5347978422457242,0.3100027617342827,0.21927580668115898,0.30334057049641355,0.12987340725464197,0.08158692751906182,0.23678674583644643
SYN-0182,0.01,0.06263969159402838,0.16576768512091342,0.26591953586899975,0.01,0.01,0.09780444229341133,0.2748123814162061,0.01,0.01,0.08320989577428972,0.2903467202538967,0.393476229426324,0.1887561540855563,0.5969913191663072,0.12992580859891417,0.681588591329334,0.4332823792465907,0.12177629637541965,0.32050522986779406,0.40682868562931795,0.22054198236329428,0.5654919407621042,0.5877970012497739,0.13826009975086828,0.4025527028409678,0.01,0.33527733315607317,0.6272363191088879,0.04721040413456079,0.4281373617116893,0.41666513841491937,0.5021041553988371,0.22409986553797637,0.11129947525380007
SYN-0183,0.830502847858514,0.99,0.5999322297160405,0.349451981674368,0.7429852423389546,0.33858767866414075,0.5015254637822464,0.606673752453878,0.8662138949792709,0.5925396510998602,0.5800943524312026,0.7920544151059703,0.9817036781977159,0.35862835872838295,0.38043070227066034,0.814648016892538,0.3176712421086344,0.5340906954367359,0.4543126221212628,0.7428352382951289,0.01,0.6374619161738159,0.504268119376933,0.31709609539071537,0.21634884006753308,0.80869751260783,0.21378102550356293,0.6580587662335011,0.34013585551004716,0.3170457976079145,0.6945147668534785,0.362943660586561,0.018907345430136835,0.478232175246032,0.277813293753268
SYN-0184,0.18902558633527156,0.4265389121610429,0.18021033238269007,0.28493507219600256,0.41944257061298157,0.23509608998149406,0.15597316317703014,0.2029165882035715,0.31874229909170215,0.2189090215043621,0.4202724911520033,0.48532600566433814,0.5037034740931948,0.5115509688484953,0.530304122019525,0.4554553580379771,0.42927397649984045,0.5668449373864672,0.5870381158815335,0.40492924975593264,0.8244639751341326,0.3675994627692972,0.031056976283792462,0.4932762939257321,0.47726006014934064,0.5947246358630289,0.36453123361389483,0.49614691804915767,0.36689935558026654,0.648377953218207,0.5033686664247427,0.5071630156128474,0.22943536132125217,0.22455445316297817,0.13809660483535946
SYN-0185,0.01,0.01,0.13106102178382623,0.01,0.01,0.01,0.01,0.268175641262436,0.01,0.11391224371119944,0.0807871115126857,0.12589242904354625,0.42556322053373036,0.5251487832332247,0.5941145324175147,0.2892821363107106,0.43031483323831854,0.4770637979401679,0.7680747728758968,0.018727537424409135,0.5856867641707046,0.13787467704770315,0.27245840516210174,0.5356084481983355,0.13372914475865597,0.4861521350598642,0.13211021835751446,0.5461492188304293,0.4659494965742246,0.18986873961257303,0.19642804396291,0.17350130846422876,0.3393658606462922,0.15732879603370137,0.38059736015746903
SYN-0186,0.01,0.01,0.01,0.2130156220901657,0.036840656069064184,0.01,0.15785394159546678,0.359187940060087,0.01,0.05685838756522764,0.3794588345989426,0.01,0.19136263621520053,0.5806978550548878,0.4395426750041739,0.47636573916921066,0.6976093224276437,0.6633819582627115,0.4865101804794244,0.22553361375327324,0.6163409893338405,0.2991573963669828,0.5646181005960011,0.4942612423028843,0.2662504983419647,0.7318649473950134,0.17442321993419002,0.4216698344975902,0.2925402296371228,0.10960486005834574,0.01,0.3284457989868369,0.43823259501430756,0.20185326994349315,0.3292722001625936
SYN-0187,0.10403167603116927,0.01371888938808459,0.21379943419783534,0.19251245574818227,0.23128635038025352,0.26487762105466756,0.3871815962796745,0.08474253113860343,0.21253900229940415,0.5189793035196689,0.0652592437243115,0.6522074073533886,0.6537214419994609,0.6713652510166822,0.39791340104437856,0.17461827138721142,0.6079405452328008,0.39461873065611663,0.042323623849152225,0.3725253940285594,0.6889570487234145,0.20882484556581649,0.2054313100504749,0.6503543913244261,0.3675096020775046,0.28919371213211864,0.4208117308690852,0.38672178795802503,0.30785681363042483,0.5466613935981796,0.38864693223323166,0.42799464729089876,0.13931160814775506,0.44831930241545187,0.16020783926283402
SYN-0188,0.01,0.01,0.5915603502976075,0.41030317327085253,0.3890600385149118,0.01,0.1870506753450096,0.1334916558943509,0.01,0.2994309183431483,0.31821598955876884,0.5127051253969166,0.502796821281947,0.5394747584325907,0.6959833634899031,0.5046175086116346,0.2992748205628889,0.47145146024175133,0.3907902580314662,0.1290271973279818,0.16805821133494864,0.2864333368658817,0.4922323367212276,0.3530129245579898,0.01,0.6410050009751743,0.4028189301156073,0.675316328244113,0.12522270064419538,0.40028554054707516,0.6473103232340107,0.44142932404890173,0.09490067215752876,0.5888588578221379,0.01
SYN-0189,0.2638787746106247,0.13494149537396205,0.4957530252224674,0.7646254297524573,0.24817134207644254,0.42727867911958767,0.16410154525676274,0.24960877926406705,0.1785992351490709,0.22241109657475966,0.17999270197115735,0.48083572029005245,0.5018193675617693,0.4578051522414181,0.517970002464594,0.25354783857524,0.27853361930396997,0.41147259218230553,0.5495760769806773,0.20071369827961805,0.36567057240080547,0.47437388189835805,0.6878398693611129,0.7877404043719283,0.31367023442066366,0.5346619894127387,0.1826561680505116,0.6957533580424692,0.14382850089197408,0.4056785790746575,0.13758254374791945,0.06647506290584906,0.5215875028268775,0.14480674332237325,0.3073443552411266
SYN-0190,0.01,0.01,0.38631972774040607,0.23734617340747174,0.12350148619585463,0.3040524924748802,0.21065766311123896,0.17842089223717078,0.1020870827841524,0.31009534246641346,0.629730513200873,0.49737817301919884,0.7221707565703512,0.5071987210420369,0.6388656350077897,0.2521004570363045,0.30875754957382323,0.39289840980494184,0.7389083924111923,0.05369182931556815,0.5121888179988855,0.1347825557077907,0.3090041666880873,0.5603042682769831,0.37141787044695584,0.374047676988103,0.1281198938037698,0.36973132305661593,0.5517813138350214,0.5076795339978298,0.6211114556333999,0.25914882245510107,0.12021890218464801,0.45934927909493184,0.20559269179531128
SYN-0191,0.01,0.01,0.01,0.27018521520054994,0.09051069245934334,0.012603552449579399,0.01,0.3252592443257992,0.13941762372614674,0.01,0.2032009366029723,0.1764960316042267,0.4900467828605223,0.47689844376400325,0.42821849347165475,0.28224765928916085,0.4265807968046794,0.42806967663705664,0.22393560451141886,0.2745115512675229,0.32330732026696823,0.17878065056999795,0.5290231787620924,0.37262566657761,0.5525902939966676,0.7117152088036237,0.16589923470188814,0.2255432103088552,0.05539505253074489,0.0901986295614316,0.3093741835645407,0.381312960114881,0.5436164753324659,0.18755350265697682,0.01
SYN-0192,0.01,0.07147700856218994,0.15100426369790013,0.01,0.01,0.08414889363308603,0.15517856069831268,0.14966033596438222,0.01,0.38642545748108703,0.23859477065877754,0.15636058411201406,0.3776402962997335,0.47001822582637687,0.43143130262563056,0.1474592705024266,0.7318197166033671,0.2690269309608488,0.45589731823967283,0.2503310496764684,0.597568767784361,0.16121162602151834,0.5197144342227855,0.37676708027542827,0.5299371173689478,0.6099844333017823,0.33019304001318917,0.4035951142218732,0.32330989181893094,0.19345995255789838,0.01,0.01,0.053471496288186676,0.1617142503705998,0.014504542459648634
SYN-0193,0.01,0.01,0.01,0.05452994036070103,0.11186903030061046,0.25589955578030393,0.0553360772388309,0.15167548341437265,0.26815948921311494,0.2766824250035562,0.04698370665715637,0.3194773857716434,0.563981071964496,0.09988201668740354,0.6274948206770743,0.3401561185539882,0.8570336061370909,0.49840175564837264,0.47186521169958723,0.1710013768386746,0.2780155365908531,0.24392140540346607,0.4112082567001912,0.5081644385177466,0.3437262025569162,0.5883763551734059,0.4005403821509602,0.5211981751168298,0.44990109189257754,0.20868577185896714,0.40003259046940215,0.6161821102351199,0.348679408580378,0.014587131207890458,0.048659142432309316
SYN-0194,0.5488267343427409,0.99,0.3839864528306517,0.2759111475252694,0.3833323674837744,0.401229152159653,0.6880389021625923,0.4916336506056581,0.8807557696642245,0.43564966045652515,0.337621949613787,0.4672510116000993,0.4231313495908364,0.6706769686416374,0.5641652567216031,0.5121142181076141,0.21604159159022918,0.2283352592339869,0.18444163994684837,0.8336069093577192,0.5269412621820198,0.1701331079132184,0.6408928860496049,0.25362401570518456,0.41006946587127246,0.34978669259071926,0.1339731264964221,0.42124998784408707,0.1816277908610451,0.5484739513377437,0.72895458787119,0.3919750983655251,0.14068252805525197,0.30716678533745745,0.6173945063411336
SYN-0195,0.2842746694743187,0.7180283144947276,0.3991947269182229,0.7116719860006978,0.3823602790583944,0.227936480559809,0.31292884330507054,0.4433010138160953,0.3177617422829964,0.23252982723052248,0.1909336000428419,0.4782904405943297,0.99,0.34636294958743413,0.5079691564434023,0.21701275952459875,0.6287148915416667,0.41829140122044983,0.6334969042568689,0.29054435139862783,0.8429676929223374,0.17241376187106108,0.17670784314233728,0.6139916214232365,0.29606926739518347,0.6403224812976275,0.01,0.371248646488667,0.18372154686556516,0.22344061762678782,0.6108187894077279,0.38339072665002294,0.19093712749668174,0.31636730682996395,0.2302226444811606
SYN-0196,0.8439420824425462,0.960366858889049,0.46527680467794086,0.6212987685575185,0.18588326355947776,0.5341031927317712,0.9213812249269224,0.4068587801572852,0.5956367648822534,0.20957051503283516,0.4150261557264153,0.44065222450785624,0.8272357022874143,0.3155223439517163,0.49486908936876317,0.950316654103511,0.7578571844269717,0.44692927206036964,0.30989961476049666,0.3962797542728187,0.5915905825732138,0.707718905574852,0.37078941287032563,0.06389980660402594,0.35865890142990053,0.4975199785446691,0.4224357434199373,0.7803703206835653,0.09360313037606541,0.5580379640614348,0.8531553112865036,0.29570833091840254,0.25988334454370826,0.47171447028916946,0.15794422481302284
SYN-0197,0.01,0.01,0.145078016617592,0.13354629720136438,0.17568049144381154,0.15568506768435156,0.01,0.02730587034240721,0.31954796875631486,0.04944547057055161,0.17997872779265728,0.0894924297068721,0.5198320834716593,0.47205931325286515,0.6153542538949687,0.448263802225533,0.4830204863043416,0.4549218289824793,0.4726744099164977,0.21038452303859756,0.4508672444871539,0.3771857288022543,0.6100336292351378,0.33656189150724847,0.3874575954216585,0.4509481948813342,0.4985208762087543,0.34133255842701604,0.35378253043704067,0.1839659140301829,0.48554426566002507,0.0874850267716322,0.570082649686789,0.27040652247224717,0.1460150760962952
SYN-0198,0.01,0.01,0.01,0.20213258776383955,0.1472204944704389,0.2574381081131068,0.1434732829744208,0.14947901516406042,0.17833758134135225,0.4514981534834568,0.20751847947985524,0.11233394428582807,0.24961645202101182,0.5737364478034583,0.47760268089638275,0.2290459320036387,0.42658980883400166,0.4657388905005571,0.4291417952096301,0.01,0.4875461662427665,0.029688301997772892,0.4641185580554521,0.5980184183277245,0.3732593788663753,0.7361071052611707,0.08987722106504015,0.41784586483124675,0.6093993996799631,0.5189997769613307,0.01,0.35145762417454446,0.2379817690567883,0.19535748625218477,0.18011379062737468
SYN-0199,0.01,0.03589031716459892,0.01979302324012712,0.010999583570912602,0.11212747734873231,0.01,0.13912412848684313,0.5362370199536903,0.17635398121919155,0.2381637151531017,0.07105261184799092,0.3516448413058111,0.12149999264813405,0.5989656955427629,0.4395637293392103,0.24270115853983038,0.6611963373064396,0.5268168334013723,0.6718269379994274,0.01,0.4240930353215968,0.27463472162575364,0.7838743237212162,0.7079133438033002,0.14495890394068212,0.29809252083311366,0.4529012890194992,0.5159881450028538,0.481090468249056,0.3519072146273904,0.02647912721685175,0.42063354505557654,0.11383415930459057,0.3386322589025969,0.10106358070055493
SYN-0200,0.09596563097870413,0.6103933543929807,0.34493707249763556,0.5987144692224723,0.08419053182839109,0.01,0.35609681031816376,0.35762236853468365,0.09757311852108044,0.5247785116488931,0.06665744738613644,0.22022566136041244,0.4791887654998228,0.40024029090451124,0.5870482026497397,0.716131679019127,0.6395122801888896,0.25779663339085374,0.51189714531324,0.6113660283133896,0.7006074075350976,0.08773913459235863,0.01,0.4700737487470026,0.16505039410493297,0.602968736081417,0.09436166264867782,0.5367175008231141,0.4684145660701432,0.17526708353934917,0.6344719029083237,0.3413513933638929,0.17134742731171498,0.23682240495733264,0.4085023445292167
SYN-0201,0.5937446664072246,0.9421896996367661,0.7078561023051418,0.5022749537820469,0.5063697139780335,0.7199648782953227,0.5905040558843927,0.6485829818265743,0.7969989347627637,0.21426463787652344,0.4551050224946892,0.99,0.7685680877162037,0.3057652653703063,0.571557487404754,0.7138231520463226,0.5019892410814244,0.5337052050007769,0.3292355530976307,0.5353594388155591,0.4355655150524632,0.47200518491791993,0.6321750063775654,0.41000677427107296,0.2758955232227673,0.5924029759262157,0.24633582438056761,0.6597118638285603,0.20731321485936177,0.41455206741430956,0.7118801371914654,0.3805813763832105,0.16553254483664653,0.27472239559592687,0.6523683195749517
SYN-0202,0.01,0.8206397609230816,0.3686303543909171,0.14094551522879523,0.3221506851605307,0.7347211074927924,0.40143860760782113,0.16462067684115833,0.2243590951424671,0.429316799477574,0.3683310459518928,0.39248385689329973,0.30575437212263534,0.29331603571111886,0.30075982874349266,0.9381516486193081,0.47648582245472176,0.48974215960431033,0.3602048208190528,0.4591334076720021,0.5547707525907363,0.2938374430640926,0.09274069655684053,0.2832453813178904,0.5967082260402092,0.7522615807649413,0.3335117701251036,0.4580563679146092,0.01,0.28431112726576613,0.40468334818158597,0.12158468469115094,0.38040746574001466,0.3175783956320568,0.2116986352096471
SYN-0203,0.01,0.13227445705540677,0.31617033744655776,0.5881807181662293,0.21699809202705483,0.27445724975590374,0.16650001029260506,0.3908815311017826,0.045919124075328346,0.01,0.2152687493302612,0.412675344066879,0.2551535471603474,0.48204789223049715,0.8407891380940478,0.5126733939622748,0.5758724825843688,0.2318078742008543,0.2925960992911387,0.41694218893537915,0.5025647067266308,0.45778018074664995,0.45154422909430264,0.8783747664163071,0.25912007802432063,0.491632572394915,0.01,0.3351651698657736,0.3740453191859574,0.1205519389612561,0.43062451026400517,0.30903170351535064,0.13428792299394815,0.2534482965063561,0.3858733990641513
SYN-0204,0.01,0.01,0.20777887501662573,0.01,0.11522291016467251,0.27743893324963176,0.21160102328098296,0.16357750511709315,0.3960401650169709,0.10613098828653479,0.35249117962126914,0.3080720356436296,0.36791186989314795,0.6973818801151135,0.551517492885548,0.09762265330193318,0.6664594888963264,0.5188980797265946,0.4213318402638085,0.22171430582170298,0.34047542627034816,0.01,0.3264332732680768,0.4605561377662143,0.030902852253851754,0.21947415137457665,0.3392680062300537,0.30556958343147167,0.25902987706720654,0.18842134825065684,0.5441844238823105,0.5741063321006294,0.3185841970715999,0.16699676081391412,0.09817139133728373
SYN-0205,0.02227555929192704,0.01,0.01,0.01,0.09165083845172883,0.026200196578860163,0.01,0.012365331570494395,0.01,0.01,0.6047804735437488,0.01,0.24012676803980382,0.6633648768627208,0.5282955787098653,0.37998063850846436,0.44139336714273586,0.34428213073235847,0.4541602313175905,0.3064334300147312,0.4640101682349683,0.32625179446866776,0.3896433509477783,0.5161510182562752,0.6237363102244188,0.20046103819568106,0.45016095212144486,0.2546340515038097,0.16548132258761308,0.18434001973693168,0.01,0.12734574945962723,0.6211288981400682,0.09949380097587959,0.3018015327158089
SYN-0206,0.27241981449380337,0.2826114927431019,0.6546798715879483,0.3026255847574326,0.2733152073935288,0.06648708437017686,0.24588330611835596,0.15043040392286242,0.22199934975919466,0.15118093046814837,0.5344887278554404,0.5147619077380998,0.7110950232985114,0.49909519592738105,0.6409575345691122,0.2938436304253102,0.536317954805412,0.4580548732239502,0.3002378863494375,0.29213543223695015,0.7589721345333877,0.101909370244877,0.060634533743511354,0.42863598575714473,0.40418772576874773,0.6415755313420699,0.5329800540533114,0.6674051574505687,0.48313976164462485,0.38375083262692183,0.39620973035420065,0.29131147012644976,0.21421793635445308,0.18371550666530168,0.40370315884174957
SYN-0207,0.01,0.01,0.01,0.2607840058536909,0.01,0.26857623558544136,0.051252357293498044,0.01,0.01,0.21050324368346557,0.2251898089706649,0.607950976130464,0.36300179593989834,0.5401517317167068,0.6301519609099451,0.20770841517766525,0.4121438700395462,0.3117362180428009,0.21904962580339185,0.01,0.5763180432823951,0.3493610904540352,0.4475524891702897,0.6420137641104045,0.3506830455996132,0.6685111476006735,0.3194758117632101,0.5587441630116605,0.2305260499037365,0.40002767962045077,0.21079930426646465,0.29865197145955,0.26422714905427436,0.01,0.31338621989789645
SYN-0208,0.01,0.01,0.39530366859308425,0.6010171871530408,0.3539228991726094,0.13139320135191693,0.1828871028091812,0.14755670985103989,0.01,0.3224571284652641,0.11470197113786161,0.3881163210144876,0.689522954938614,0.49304977731628913,0.6455801962551202,0.4164782241154511,0.7593381366632996,0.4261430415306338,0.5408700034209675,0.09405508998292228,0.3514022423094432,0.3129943976177022,0.4707837628448067,0.6678505006669101,0.2944622504998464,0.3682768135253546,0.33230114895673957,0.37095083097478626,0.5073297717773831,0.33606118499358956,0.33658398941345474,0.4224809906505061,0.47594373419179836,0.316957776364352,0.25075668540311025
SYN-0209,0.2797919826131561,0.5475869370332718,0.2694462672365106,0.5555305394104846,0.7446251131994661,0.3885321277214971,0.14546242859585723,0.07692255554097138,0.5256317567205673,0.3252055082749972,0.2351727501668495,0.7457744428276835,0.5521367921832342,0.2958358460201497,0.3188851295831183,0.34016925815258336,0.3860082047272554,0.37387471794775384,0.5652117036097619,0.24105153258911538,0.6365477952799367,0.2488519613997462,0.01,0.4476720123684994,0.08459095722930002,0.6435798321971958,0.1885308860699344,0.679311739612465,0.4014307237393298,0.4006833836115403,0.4480890343550732,0.3083485337532456,0.29034620474127243,0.19763342108970075,0.10620636249825458
SYN-0210,0.01,0.01,0.01,0.1761301437424635,0.05267274955950228,0.08348786296634593,0.11364987332502675,0.06613896719173128,0.01,0.01,0.36438811052739684,0.3361867230215376,0.28567711103772664,0.526913677529681,0.8031077569428169,0.21230428853700273,0.9536602405586312,0.4183142747677585,0.44647977697585367,0.1577444336328958,0.40050807350498246,0.40947111610369047,0.2576036096620042,0.5162557177866224,0.5763974765991631,0.8905508112836329,0.2463278504947865,0.2739345236283365,0.28059796195787734,0.3664905679886338,0.4479245275771818,0.15372871771702004,0.4317535337202286,0.01,0.19938641446176225
SYN-0211,0.01,0.04823949956900897,0.01,0.5300132485283562,0.03687433443654904,0.2589804198294817,0.3524362453283768,0.22908725760385634,0.1505980832917303,0.1260441046422627,0.07526095991303786,0.3118725519016499,0.3119311539769978,0.24793172361509308,0.44579484579901435,0.01,0.5740855911753666,0.6271364132567819,0.40549110461173093,0.23568928126733268,0.18910250394944528,0.01,0.5587882724069322,0.5057921261399553,0.3626890459443448,0.4882627816114721,0.27075481551153935,0.01,0.3897552769057297,0.5394119244103686,0.050656634597109534,0.24729012881358786,0.2852610797238115,0.01,0.061999405476737435
SYN-0212,0.01,0.42065517574260414,0.25202887870022544,0.4117391930757791,0.22129414749167592,0.3505299407533493,0.24908106887689183,0.07555651695101609,0.177847104013094,0.627199875865842,0.28308439230409377,0.4195392044302447,0.7169730194156793,0.8218617258809302,0.389313150409096,0.5986057458251113,0.4834768096964673,0.31287420497002805,0.3983395706186967,0.12771277647010765,0.4535214430087526,0.13289929276756,0.46272400536827685,0.52089816917637,0.34744296813036646,0.1927974691608792,0.4866790246689663,0.46550736193945075,0.23018908928156484,0.3684766295475834,0.47638193343638874,0.6221943623651287,0.625307809833342,0.01,0.07908732980894223
SYN-0213,0.01,0.01,0.19074147833986074,0.474332682439958,0.01,0.15457560227634312,0.10458009767855789,0.30048672578180213,0.01,0.12327098283346793,0.08211589285052179,0.17887591719093562,0.23134038949494676,0.27530144315518057,0.785095630226985,0.01,0.5942252966603404,0.7423227619074158,0.49657173545258193,0.15152605320839618,0.01,0.2559454631571072,0.2974699827072145,0.6143012395394571,0.27121156392308493,0.5616127767735609,0.17256713573766486,0.1661824281011578,0.5930037110411805,0.055297042912378996,0.08103207067644988,0.2780228986878492,0.12311963605241866,0.07829493492047798,0.16958934833735234
SYN-0214,0.01,0.01,0.01,0.12806701272496196,0.26292977225527464,0.09985066069610643,0.02721764513756951,0.218398065994067,0.01563070242994089,0.026061710964919188,0.1441788437226147,0.12386519997870851,0.39040607946407585,0.6378980132980276,0.4752619329343124,0.13952470216111873,0.5925703424810677,0.47345902300115456,0.3150240395617604,0.10109112013821384,0.39312873699001266,0.3579931517179018,0.5142706216084915,0.9373373993489825,0.1545157024143079,0.6701008308103702,0.2359202176524273,0.13475454691711175,0.423071274397235,0.08843865684110236,0.2296722935473512,0.2802035872799471,0.26856308054892014,0.540235435288373,0.04620491930821313
SYN-0215,0.9006448139903798,0.9538417573313683,0.49248703787421316,0.6966133600435169,0.5762640560611881,0.35262403884785115,0.4264698254621216,0.5368858559069595,0.712590469122521,0.5959133082465522,0.2525555421033186,0.6657027632302651,0.8415961762217441,0.46782183211317513,0.7990541511475595,0.8565205262572372,0.6556206956370273,0.3937805742653042,0.4049376866094333,0.7409911230754982,0.1903515903276411,0.13618390641064393,0.4315696696263137,0.8062906171587625,0.3160689160375282,0.7055454975558283,0.01,0.3556759330554102,0.5636395269974424,0.6999651243216062,0.8369592254226499,0.2999294886310429,0.3708335198096285,0.24284047513239826,0.2640051883533686
SYN-0216,0.01,0.01,0.5959479337850129,0.2453953229948009,0.16136825092681686,0.18724271410838744,0.08947409238855968,0.04530554213765235,0.15328298106003657,0.177043328612102,0.01,0.2824294683245035,0.493991771879868,0.6284331180974498,0.37539381663035687,0.22465407917668745,0.33245156142873544,0.5877803684522596,0.1476125370668126,0.11620255741879129,0.2868717058719428,0.2606144306531326,0.5460199062888127,0.5420188008705693,0.25279784404711825,0.4373198559594811,0.3423868310413971,0.5236825447158653,0.32702511434337345,0.36401427729987357,0.5429907758790284,0.041190000372843205,0.2383396438784146,0.30862193850158287,0.2066277455090883
SYN-0217,0.01,0.01,0.01,0.01,0.15817444294660676,0.026843067853596844,0.01,0.01,0.01,0.014271984392622755,0.01,0.4357397796397263,0.37720089825176345,0.7245707514934587,0.6023938365507105,0.11618129403695723,0.7902931816174225,0.6721297086686415,0.44907271013772015,0.20379963232456105,0.6337867865644986,0.25027413430800216,0.2719091424866339,0.7137992028617995,0.4926027543963203,0.5824811302961855,0.01768909174189237,0.3843017752415981,0.4370637221690882,0.2386458517336837,0.3373112686146531,0.06471258413668055,0.43851579813662683,0.1973870592231992,0.12756027015677818
SYN-0218,0.0953987651823558,0.01,0.07761632108203204,0.05230818749048913,0.2733813288100674,0.01,0.12965872416303437,0.01,0.012803957946185995,0.07065081729756748,0.4154262593490924,0.09031955081912921,0.44509773091705507,0.5071008486339648,0.8756127126331499,0.2837224736806481,0.5476006471431016,0.6115146036350203,0.18638598321145872,0.1409798997746043,0.32902244327503366,0.01,0.41036945307847095,0.47506619508564185,0.22143642270315722,0.5904265688282667,0.01,0.2447046994550668,0.22148761087060387,0.09947473852548896,0.4968134914523683,0.3091535340437808,0.3611157951936119,0.01,0.2407108526490969
SYN-0219,0.2035152072367703,0.07048711218623158,0.1986084938446772,0.3586503639276443,0.34709784342129585,0.13904574232120953,0.2887191935830998,0.15151624978652015,0.01,0.01,0.3981805347928649,0.2846428143941948,0.4677065416209858,0.45185051280347055,0.25594919754614226,0.22193396167586474,0.5904245760840056,0.34202469754068104,0.5614428873347247,0.5582931141664405,0.5285742324136072,0.39305577688974036,0.33696753400946033,0.3548273957494485,0.16550468451776756,0.6020517327559404,0.01,0.35104029844806595,0.423160213315094,0.49027462800059085,0.6027873319729242,0.3296922209317846,0.23037023310470026,0.20378201427113138,0.15836615666259843
SYN-0220,0.7628642800952117,0.99,0.5808247655605163,0.44860820512900745,0.2181047053771617,0.5965314120452159,0.749973256945676,0.46779922606672425,0.9037496176671915,0.3304844806667286,0.6990679530630075,0.47864349817751917,0.7965177967116177,0.244688251546822,0.5908669534626855,0.4683119760880687,0.560931649301502,0.4683225411684087,0.32994764325715364,0.7296761606308884,0.3619207195515894,0.5731916311014049,0.17309293375356327,0.3783785305159017,0.23457969484390417,0.39044127050776534,0.07317772985846999,0.8457271925690932,0.2932862494329957,0.441566798381098,0.5274596872086965,0.5203049987925424,0.2896795620413172,0.3977544665034548,0.303825213433477
SYN-0221,0.2346777366671896,0.8828303170142564,0.6095338266776065,0.8085125134332417,0.22096742972756883,0.3264402742582061,0.5286577806031695,0.19850280122474098,0.13040429788120259,0.4575065208164309,0.449859505771264,0.5137782252024639,0.4346462570286713,0.3585803905524828,0.38742911970380545,0.5856902572005428,0.546233582053683,0.4459894380083371,0.4468098704549099,0.2373344249429989,0.5991275858534993,0.09510461561528907,0.15827964745216702,0.36812915669463186,0.18544439793687584,0.5972844636299897,0.09647498462705763,0.9604484847631753,0.40199730664891353,0.6866369388498136,0.4446957749800521,0.1277555762345528,0.2831331284340226,0.1839207147903586,0.4620550490813662
SYN-0222,0.23623360974619523,0.5503273337017579,0.13415997824858392,0.2593081377839562,0.42259209759691096,0.11262852241214716,0.4779703976973259,0.11820352299334622,0.4196957458334788,0.3960574117459007,0.21269249489831654,0.49398930949140196,0.3791184657951662,0.5149155180526808,0.49195143373360445,0.8087307106524064,0.2972038386238628,0.42600820641482773,0.29650738103320257,0.44931907158937234,0.6593621516312329,0.01,0.08678355726651611,0.1847886012395063,0.25430305685059906,0.5381973978484706,0.129653540032911,0.5386163619163005,0.37975357104950713,0.09658009872060627,0.3758064404291335,0.4007036284981384,0.2806013699297945,0.46678685186080643,0.2215723651959079
SYN-0223,0.01,0.01,0.01,0.0411155107970715,0.14071481989378504,0.1724039137192227,0.0389237950705736,0.1982311559327968,0.16247327959830946,0.14551899749235406,0.5475794172524822,0.01,0.809035251438123,0.49863455139816937,0.7306537602468084,0.20889871115254238,0.5371515204823442,0.17035460748893222,0.41609340726199995,0.01,0.4338523313754993,0.08329000145511598,0.2310210137211821,0.6365674182305014,0.1899725190766252,0.6015387442518846,0.16997789261019858,0.34245916005086635,0.14126595810166162,0.23163084675690954,0.01,0.1819732910015398,0.5207772355147198,0.33396775703326553,0.5469254027865256
SYN-0224,0.1613339849259823,0.6396333629471256,0.08477790001680768,0.34398532262052905,0.044836237325344364,0.5279251204674724,0.22305589391729486,0.35121716812840664,0.2207177979423069,0.24530685414224887,0.3237806385687783,0.45580671347117874,0.6953241673577288,0.9805458838867449,0.6305710717928804,0.7701569228610874,0.4110735451623124,0.3980578979793954,0.5878369858172515,0.4014282665979564,0.6814862661184865,0.02354844707019277,0.1462975767537667,0.8238084734113229,0.2404976740884868,0.7186082962436486,0.2848353019466271,0.5027767471954769,0.20025656418688179,0.7774199402308899,0.6223143302056123,0.5618781706960422,0.3050696271553136,0.01,0.38013393470952517
SYN-0225,0.01,0.01,0.3139133583749393,0.2746300211678588,0.25202877501969634,0.15784641453076323,0.1934503953621426,0.0882166122400488,0.018260981962458678,0.15227177665532682,0.01,0.5596027397767682,0.44653881934000483,0.48799723623123265,0.8309968344119079,0.15418930196064373,0.34754497098655535,0.43700307220672774,0.36364094386942053,0.41947467875311506,0.5444199784208639,0.07949852317615544,0.6302263810853597,0.7987716566733636,0.01,0.7188401112453642,0.16178947239668987,0.6720208383260386,0.3315597690552257,0.3765663424402045,0.40170293757749337,0.05506489462730563,0.4298513933156116,0.538652351323441,0.08830709932013114
SYN-0226,0.01,0.04312520677152187,0.12046106093002451,0.14830399768778973,0.2425919999362762,0.148006883959667,0.10080905450280718,0.03109529122881556,0.01,0.04075553570610399,0.17872834649966973,0.4801420352414105,0.38272796375527646,0.28334326729667747,0.29284903995088685,0.46037887884382933,0.5656473829163351,0.5977190091453725,0.37467283458849115,0.01,0.5234152448952919,0.3972524890139476,0.4646717673769474,0.8096929024640324,0.18624266525817687,0.48489542694960036,0.25323642819062064,0.12520396088732716,0.26892641127187145,0.24948626134592777,0.15055506137550814,0.4369644625269874,0.2921962238549196,0.19396418780792396,0.29083767129197885
SYN-0227,0.21432100702936493,0.5406986329365102,0.5905846754103455,0.31168407389938535,0.8421282764955555,0.3874833674766825,0.3859090290825722,0.22967310395775697,0.20184787805228538,0.1725974774436881,0.30133379262200716,0.6092954777956422,0.8095425219946214,0.33658746090170566,0.3839947711185399,0.7351495766441458,0.5173636323422284,0.46799504846977924,0.16325640481065737,0.3151503810028759,0.6210963810793174,0.15421245512243573,0.01,0.4586723698635149,0.11081587690739697,0.9525613755874771,0.1042950875384818,0.4026249642046605,0.14283901434088175,0.552253371983084,0.2983058113493573,0.22037853532047014,0.12500518210509665,0.10767922888824026,0.3005142095469442
SYN-0228,0.99,0.99,0.4861185695345339,0.315164023722088,0.0684170785505473,0.31762291377418983,0.6307018332406464,0.33067954016725687,0.5524182135355747,0.3241127896741448,0.45170143867004525,0.44632562881652343,0.4516817439587662,0.44610506511884496,0.5481279981111581,0.4875163517841663,0.3995618900132734,0.6057108519276625,0.18905425794928946,0.8792273298553261,0.4345131709938102,0.37076434532477187,0.6959123684494729,0.6484167629384423,0.6289912263873466,0.7292173149198447,0.2922524614629126,0.2607834137755712,0.434946655541397,0.5305440787795752,0.5457516497329972,0.4507237505506323,0.01,0.13673340393589917,0.13159609848616155
SYN-0229,0.01,0.01,0.01,0.33759124819518693,0.1402344066834256,0.07895494361561253,0.11357474134957347,0.09750049970770194,0.19760405994699706,0.01,0.24617698196515045,0.45791867870301206,0.4401539990358411,0.12390140724231086,0.6109750417849545,0.4858614939233478,0.4750168298993238,0.7290966818470321,0.47402805153952493,0.17512079553941423,0.2969195748128878,0.21922958487574826,0.36692330358086556,0.7025178724197524,0.4470107454852871,0.6690243288499966,0.42639629502332166,0.604393644539004,0.41960555280607775,0.01,0.3150797150522441,0.3394244225428121,0.07320031236450586,0.01,0.41416736761787776
SYN-0230,0.27643940921203813,0.5359182847399869,0.49755937467276046,0.5505088257609541,0.03987320918808518,0.16033735670486154,0.4503349709994459,0.013677451492561499,0.13204694488801721,0.2581999691861961,0.32639971475488744,0.25608955492823443,0.8024016969499442,0.45033174339871185,0.31652321765275615,0.4776363974280786,0.6440193899485723,0.33719014212670334,0.22655682344939732,0.6918904942947186,0.666753451194336,0.4276684520633101,0.4775939663409228,0.4655270691341153,0.048518065320929504,0.5617256807143677,0.3310096256562074,0.7252588613832567,0.5989726733498186,0.39893328067794936,0.524659118003654,0.48039303000624034,0.35205077305536797,0.3016083225585118,0.6356404750521523
SYN-0231,0.01,0.01,0.624197853076933,0.25528717781454535,0.14162371339592036,0.5634312387122287,0.08947463746930241,0.06556855129371641,0.05782366030074931,0.26048020436655406,0.01,0.5209932964674141,0.47005978280400496,0.5443190619139975,0.8023553109920831,0.01,0.526424376950603,0.49675453038216066,0.40685751039802814,0.12164573946429576,0.5455241835329477,0.2665840841355432,0.5188754553102866,0.37310128014345884,0.3548495159356938,0.44833766769202105,0.027976646665369115,0.5726719028933569,0.4783199606916391,0.3492742369878932,0.6030116285032613,0.4250310055681736,0.564114211920243,0.01,0.4207458584155235
SYN-0232,0.02559132188032104,0.164236112464185,0.3598924154554443,0.28703898467321043,0.05479397808332086,0.17985108099539496,0.06552342028285249,0.14433270256602163,0.17691903604921608,0.01,0.2687734093769767,0.02074472241949671,0.4072187973741422,0.5519734712048243,0.6929296673594512,0.443167242654626,0.6230148690649094,0.6099473490238836,0.5775945674192919,0.06262109145983748,0.4951011966887431,0.23929867789166487,0.5011643043998569,0.6020221533810007,0.09224005425825615,0.6602403756618851,0.4678917670098214,0.7477745420558821,0.1395227714154379,0.14868016387102234,0.5144939645584058,0.6336422907313111,0.38385292149120515,0.19444684165425494,0.44733835902955177
SYN-0233,0.01,0.5491827109250706,0.057007301648497766,0.6854569900780982,0.4317774927896371,0.34829358525972115,0.38638320371808915,0.13308836309317953,0.34455659506731573,0.2520011092561692,0.295026262354245,0.5132733957906399,0.4825475550016371,0.49163143957333777,0.7088928320547849,0.4582513791122832,0.2445188661337504,0.4255323254587319,0.23716279273047622,0.48020314372633344,0.6818105217112436,0.575578437402759,0.01,0.37305608145417635,0.15956567586482318,0.5346571114749206,0.1654903745840534,0.6529952302805315,0.0686648175081857,0.6617179418423433,0.366384652511162,0.45673048650376047,0.33220359060108284,0.32202284514492036,0.22271158229021162
SYN-0234,0.0791028697746749,0.4468214047681438,0.2615021494594581,0.6422283571540669,0.3728721920838849,0.34507491246366595,0.20552421971012813,0.17349360034021313,0.33795401105654543,0.29524684539151347,0.27102794987499795,0.5288135591507905,0.7446272898531515,0.3433006639366632,0.7143665386152478,0.6628297755999331,0.43199001734587494,0.41764312614417204,0.020480894248879722,0.2223674352914943,0.600383609050127,0.3868890495099153,0.01,0.3859697283748915,0.23902038946979673,0.5834375240860433,0.347145066619696,0.6541488594811307,0.1853636445541168,0.8092100688558953,0.49351706247398325,0.15798490590533482,0.4839509718920928,0.3276790195825025,0.2392025058816214
SYN-0235,0.335305616778337,0.606993445007667,0.1458018683833113,0.31158323262245097,0.16331053201780632,0.21583774757842714,0.2815205743827945,0.2811152075308048,0.3579844082585732,0.5703205634177959,0.3032395847996856,0.2837984412639607,0.3881265390170586,0.27381753525424085,0.7190519242633404,0.45761167923200347,0.6848942757964714,0.083572604223842,0.411565332640655,0.34068624345668924,0.6928888233478268,0.3194590857969829,0.015496965416856995,0.6516691034907275,0.025261884309660337,0.2333132728053326,0.4376591933791455,0.20508811077109637,0.015929593847617884,0.3697192849916357,0.08451165076604028,0.30178348529537113,0.01,0.24661174234478003,0.22550962950159664
SYN-0236,0.01,0.01,0.15896594965904642,0.01,0.01,0.01,0.01,0.01,0.01,0.12736608902694424,0.01,0.07415217358635735,0.39723270388481324,0.26231447838891153,0.5877531210311961,0.25741354386395454,0.5457546913086064,0.5465060465691906,0.30705983895292444,0.1784329400142593,0.5259106375127733,0.35368740220872535,0.4245405030601629,0.7180395712607083,0.01,0.6024906153858878,0.01,0.06537193427922092,0.31363227449785536,0.44023636075738787,0.09968550070103106,0.49878058928355956,0.4798597923510284,0.01,0.4372295974216234
SYN-0237,0.9419269694598529,0.99,0.18368872194520686,0.1580527673377613,0.44080658207730833,0.2658068445828244,0.7693398988851041,0.4485044214507756,0.5411263528335181,0.444929555951896,0.6967348244861478,0.5243962545934445,0.7635666778150776,0.4395683467391509,0.680359106193155,0.7168533127395998,0.4459009704337184,0.4890886175561595,0.3046843451636812,0.5877211962466454,0.3231429076622841,0.5087617958605515,0.49755154073811614,0.5498544849708616,0.09600583517399758,0.5458108983650299,0.1671961620044426,0.99,0.4130688904482166,0.4037537659641829,0.4518359165013297,0.38923322205540056,0.2993343006709208,0.30793532492535836,0.01
SYN-0238,0.01,0.08894613824613459,0.22029534212595636,0.5078516929922157,0.10240281524007466,0.38524810039395185,0.3048942765357092,0.04519573914545408,0.01,0.01,0.3675919274159233,0.3724764248034774,0.4148992022738554,0.710896563007958,0.3566438751788244,0.3175883173673457,0.695872874263082,0.4063636362497533,0.40753442603483386,0.022936434149473717,0.5716405264332743,0.3040135638908693,0.22644146722470418,0.3231125438442951,0.14930266051323135,0.7136401379674414,0.30521594789327705,0.40771012139895807,0.16365014633541655,0.48431646792559363,0.37274067505121167,0.47207984361510225,0.29615159959911214,0.10088781880476741,0.5338885293033404
SYN-0239,0.01,0.01,0.07818812328537883,0.10141980582663034,0.05524530870531537,0.01,0.09118696872456539,0.21017614570053117,0.01,0.01,0.027285571188344737,0.055235117449342314,0.1597777637230413,0.6832986224331236,0.45188628373722944,0.32017721441184094,0.7517223651503347,0.6689462862199234,0.5347729410494041,0.1320980255246786,0.030480948028663135,0.01,0.41431383540829414,0.4002691613827907,0.09390988150999113,0.5099371412996253,0.4068995511694269,0.30760614175808815,0.46490493807489025,0.36760058213607305,0.36798130621541847,0.48715655722284934,0.5750683599673825,0.19496268973991399,0.010842031249383544
SYN-0240,0.01,0.04516222575780369,0.27374757238325736,0.2966596670718038,0.4039839178861185,0.16085734666775833,0.20509333253777612,0.18767559389144364,0.06181396095355239,0.4034952088581441,0.19631904870491024,0.3290692326198613,0.6466560711075819,0.4179811935549914,0.7459735471559776,0.5572061293261548,0.9216473315984723,0.1209476932739697,0.41662181317351615,0.23079703228295656,0.6663470649486228,0.10509800891168508,0.4233647732840326,0.6112273327492236,0.4586236292875322,0.5395708911995765,0.26569543522244154,0.4843918521693916,0.5688631354481708,0.5412287600345281,0.4223983438163289,0.25246936583186935,0.07656196092728679,0.16862883500339648,0.355461881602447
SYN-0241,0.01,0.01,0.01,0.13118990924223778,0.01,0.01,0.10210766796855057,0.01,0.01,0.22794590787029562,0.3668453654050564,0.3127185993926711,0.47868220585280097,0.3650106800541758,0.4570273961395971,0.4035216723322262,0.648007312488901,0.5675307098852935,0.48573303372807836,0.2363136657359665,0.4711597439824096,0.27476691922953334,0.33856901910027043,0.44607304081418253,0.04852953153238612,0.46801515311509345,0.1504123264603998,0.52007952674448,0.44598628523651485,0.22161484424583577,0.3242637637304725,0.36146982409337736,0.14366095490173622,0.2927608040241665,0.1747324201859165
SYN-0242,0.01,0.01,0.18354931577519087,0.4766105063220389,0.26827913494850275,0.32726297784742564,0.4966132550058867,0.3422023048368953,0.32899474836804543,0.17324525136561247,0.01,0.6232133323093145,0.5728280653701439,0.2562339743318181,0.6533798882218365,0.6272035521546546,0.5310882692507085,0.5096903944195539,0.7497264044932404,0.32054622687718465,0.5016203751107743,0.3195418639177161,0.52909624584318,0.4754414198114396,0.17549352353359993,0.612401869966924,0.25340218913232604,0.6365264085974149,0.307492405815061,0.669381330441304,0.6512718561939116,0.1677856513859316,0.4639052605651959,0.03582771770331758,0.07412360972584897
SYN-0243,0.01,0.08727947642322348,0.029108395697501434,0.24885241639971695,0.01,0.0323307192103138,0.01,0.0789468118926065,0.07864615734005787,0.01,0.35957135560043335,0.24603537374695503,0.4228265689950807,0.6045167130825085,0.8484788766287632,0.324009342540923,0.4649742245838153,0.2835137983062521,0.7864678017244028,0.015357119951898868,0.49657110077812544,0.16131179882174634,0.6448269376569129,0.25467522483607913,0.04519181512432188,0.3125860351856924,0.3045018231644635,0.41207819454692646,0.2422681100078171,0.1338239614874984,0.17922076181679653,0.3106532780445439,0.17871808055678268,0.3305715511568584,0.13884277553985033
SYN-0244,0.3871995300342488,0.99,0.23987263577666734,0.6593361216512359,0.3266968915827409,0.04783658449241149,0.2646107466417415,0.2544928231882328,0.25529692430487816,0.25907322599107546,0.4551674428800625,0.4808152209836102,0.496796277284659,0.714713443656981,0.4038208627896465,0.41588760558978455,0.3933283428636736,0.2978057090322578,0.43145009850925725,0.15846843234584,0.8758982260945416,0.05208064130674153,0.18873805757471446,0.7069560572674258,0.19632889526485717,0.6493380271244733,0.1513465793980357,0.6111231212060508,0.5848252788416787,0.7961192465359614,0.5653627623233981,0.4092356261409219,0.453436240785436,0.2782644670043141,0.2883206878833254
SYN-0245,0.01,0.01,0.2000468363203906,0.18099971081980484,0.07679244356193776,0.07383875175615312,0.3428036577566308,0.01,0.15446364726802403,0.1879084404110083,0.3345192450374477,0.09750066288956649,0.5422352857184254,0.51859452018177,0.6072173202571395,0.37797571618089004,0.30160606878341356,0.463527043642887,0.5455770421158119,0.07127827414466771,0.43931728357879263,0.27128125490418453,0.5403987195994325,0.4591204638088302,0.491086862551417,0.3443023726190115,0.684006877220204,0.01,0.3078723798581068,0.029822598056809757,0.01,0.29711950007620236,0.01,0.16525724250286605,0.3240454764360959
SYN-0246,0.12395731611226621,0.4086113272862064,0.32086526751070116,0.4767919832245468,0.4180935414725556,0.067987987206724,0.5203730839277352,0.6861255183091268,0.21972771082782083,0.0977878981270045,0.2931808680624331,0.44830408331708566,0.2096285158625868,0.3373622540021213,0.18258674517992102,0.4773939494237947,0.6208874408913414,0.6922335534996933,0.34113343941395047,0.42506393289403266,0.2862094881337285,0.1920273240224743,0.01,0.5825545943452715,0.536062405061366,0.7042034173094162,0.23855119874291125,0.5745466093152187,0.39915422525485555,0.3794862642623734,0.3900227931650957,0.45817341377212023,0.2016906788083682,0.01,0.09721780562676591
SYN-0247,0.7800542805273877,0.8626638673241196,0.6735018071529847,0.41983133798965677,0.44372754695963285,0.6190376726244355,0.46168672681780687,0.7196538798249636,0.7894639569067368,0.41333617863468464,0.2529892269965222,0.7661602258283973,0.3395199178704041,0.3763504233220637,0.5843530200107063,0.7956302972561239,0.39367047915117215,0.1468869854770528,0.21534742012488733,0.4826034805711155,0.09648270570111767,0.2222156461549919,0.299282128900476,0.1452626123606532,0.40061713785135333,0.5638977147073534,0.023476467937578738,0.7694009848960004,0.11840584824367856,0.2485341808636696,0.48005056510625044,0.16422279081492253,0.10966132970818887,0.2677631575764772,0.2243688560673567
SYN-0248,0.08585791874272208,0.48305700495445186,0.9762895058887977,0.700241243508941,0.3954269795126222,0.5868720281467087,0.3532500428465923,0.3105040151862294,0.06863839589689313,0.6107871877258093,0.01,0.5770941807440395,0.8253237198776252,0.2918640567794748,0.679978656903431,0.43988714380676386,0.36487070885314166,0.020867893750412925,0.39087239910697397,0.09295649854862065,0.3933555428063188,0.2639222570233806,0.045105705518313485,0.6253339422474923,0.6220931892192197,0.42627819948698237,0.08423490454293218,0.5866772664106612,0.22278507922125046,0.20220622813603417,0.4545378116880541,0.03088589017338944,0.5425952741068447,0.16540437487256224,0.36718400929327494
SYN-0249,0.01,0.01,0.01,0.2643282213074085,0.24833879442174384,0.09811876654369368,0.13994990204963945,0.01,0.11015581476581601,0.36481442096561895,0.13760153592563662,0.1815970043252071,0.5857718923385893,0.33914000735442434,0.6380817913554256,0.037915063387868014,0.4560242508823732,0.5370871856073611,0.1108846014651656,0.3818962815963867,0.3182629642450639,0.2805554032963946,0.43866899954771543,0.6044086499320314,0.2832306599865288,0.4769953207020865,0.4732730420295962,0.07703143281017372,0.2285847444256402,0.33640554724883903,0.22467701482352598,0.30657448768439804,0.1561854731179159,0.33236207599123635,0.05276048699238031
SYN-0250,0.2414990390198197,0.20635261800210097,0.19765056810525128,0.5447380113971083,0.492760666249888,0.24185117583265808,0.1930650022188412,0.23205600370307122,0.06333799795395098,0.03902808807345376,0.01,0.28456320320354866,0.641058016484832,0.5238240484235626,0.5094036189957756,0.0908215811252786,0.6996131283542983,0.4422884235777915,0.5754261795522805,0.18718770191614553,0.41562887091163103,0.02980576897489301,0.5272057975058952,0.6341663727525421,0.09421758757674051,0.825253046584222,0.17006533368605542,0.41378309851233364,0.5440024967476043,0.6966864581262818,0.5458388978707889,0.548806904544394,0.3233435337973979,0.23955106401450751,0.5813070311512446
SYN-0251,0.01,0.01,0.1954046531155445,0.35777294895252487,0.01,0.01,0.01,0.22513326526005606,0.060736675589891466,0.09467203744833189,0.014348632588915639,0.08713811291619625,0.3503318326971085,0.3401378023581504,0.5450674651407841,0.4396670575199691,0.22794160067823716,0.7563298927174716,0.49060964606069735,0.31372815258266123,0.34011039953315814,0.2044306600248492,0.32762928601400126,0.3569179440415755,0.405755430897818,0.5471710962491475,0.4572857808140116,0.01,0.3525113851641913,0.01,0.06589063800434111,0.37053359460903645,0.21867376363990193,0.35061282526164106,0.01285050390008241
SYN-0252,0.01,0.01,0.01,0.02408087070378907,0.01,0.01,0.13800779779297073,0.1889768597448663,0.06679598991167401,0.01,0.48172439192175304,0.01,0.01,0.4626042579317789,0.3859093802572402,0.13864407946275178,0.37614607886357976,0.6076798690498111,0.6747844099381903,0.01,0.36990802145568935,0.42206810889794144,0.5795551316219123,0.38189049437553513,0.3962957271149318,0.44134556741719844,0.30915703429231,0.26747169066797005,0.25146258188320947,0.17016323122493754,0.025878265467555034,0.30451323116024687,0.30370676506140504,0.2111384627618984,0.47739683176562286
SYN-0253,0.99,0.99,0.6853579857580631,0.4069038825896042,0.6426418712945701,0.44833033521385146,0.7933239851574414,0.48930679101393065,0.568636734426533,0.2581062922741511,0.4481371666066975,0.6300972705400393,0.7029527801937127,0.3526818868198807,0.7414544266676455,0.7875050104220755,0.4185086780257352,0.5310595992496299,0.472564229358989,0.562157071085364,0.4280319189117156,0.01,0.6077009781680497,0.4874310568786754,0.2920678635603829,0.5327646131290408,0.01,0.7547714463806173,0.3791988911428947,0.4729661025769816,0.7860954212841674,0.3128921524636817,0.27718195723589506,0.5367452612533803,0.01
SYN-0254,0.01,0.45536458243334194,0.7086771778205159,0.7681942281091461,0.20352558387206804,0.5442928426882956,0.32307387217761235,0.3345288202220487,0.18756652516615835,0.3710884524211686,0.5199588295142559,0.7461880733100286,0.99,0.5915743198913159,0.36431740791564027,0.6896947628904222,0.6974553845180008,0.20176199470810355,0.2672156695053802,0.06664496270754555,0.6205358367711203,0.3382661480327456,0.08046294137486011,0.5227570920999569,0.33923627321092975,0.651763851025691,0.045712877271230246,0.5913091829869888,0.22166002643182353,0.49524512668338244,0.8005670699074244,0.38627255128056404,0.31871997203517977,0.31094378025382463,0.11916141015731029
SYN-0255,0.01,0.01,0.01,0.06654812009866536,0.3645403387558568,0.11694815740713252,0.01,0.01,0.01,0.29673336515597903,0.15786272481428906,0.15214941599302217,0.4429812394899104,0.6850129783422929,0.41798918217555725,0.5123418828083233,0.5189101154479909,0.717466064460297,0.6277054669661712,0.29152162227369455,0.2383411042542429,0.0512580768157066,0.5778951109475731,0.43957948741377956,0.30771513413671847,0.8037653607371951,0.3566629474320483,0.29900487446167057,0.48784904098814785,0.3015108982820573,0.2431761820020452,0.2055758928971682,0.3263410627171726,0.0910990380967589,0.22554515736023392
SYN-0256,0.01,0.13516872736813615,0.5919116945700795,0.3512839964935782,0.23583472329576025,0.2541631373135159,0.2800361668491727,0.24519916946256073,0.01,0.3312808234222049,0.15415820241418912,0.46474506381574515,0.5209193757280237,0.7262255940063915,0.7239418801937211,0.3014183317245708,0.5545310792853638,0.43175236585649157,0.27294141600601296,0.175183041178147,0.5797636608332553,0.249603041599548,0.29224306836686526,0.42321901464494993,0.4503868421384358,0.5810469591407799,0.4155701754164297,0.45498832268212325,0.2986687937116117,0.40037999741364516,0.5014048539299452,0.055698677291894594,0.46098846648260916,0.38526834049925873,0.01
SYN-0257,0.99,0.99,0.826725169877669,0.41331545622200827,0.4035102078303999,0.24251834700684233,0.9719759355875406,0.6904596218841454,0.4732768632652649,0.35728936652337673,0.41603762557575413,0.44232070955530534,0.4099833031928533,0.32946133976956926,0.4944080991839901,0.6057530408471372,0.6322435219839476,0.21809942099864876,0.24181925165203363,0.666459393239722,0.47087025916243497,0.5670659128806018,0.3124929725624449,0.42982872655825116,0.03339010642908885,0.6315287901096476,0.01,0.8916403967631881,0.4102163179184088,0.6954961387093833,0.6124651299385334,0.3278887482032937,0.5500916298533964,0.12209813808995794,0.14829221889755045
SYN-0258,0.7960212131395334,0.99,0.1754290514141375,0.2373127706983544,0.29743456663066126,0.17395174175732123,0.797955344102923,0.44010534254629735,0.5179992052603952,0.5340515726127333,0.30585236717827696,0.5799557179073281,0.4713777208905232,0.3669082723564763,0.8705952669633625,0.7844738046791128,0.46417581859284424,0.4765704027466616,0.13101678310625584,0.3689590975774486,0.22479447370660982,0.16475027957792165,0.1556194626391137,0.9720504043476477,0.07813369664005154,0.8737416215899844,0.26730479179441263,0.8588779724933158,0.29699537127612086,0.4741098066790182,0.4447238027974262,0.24729251013809234,0.12425965136081435,0.1879587937571585,0.30097084369688104
SYN-0259,0.01,0.01,0.10263007281644415,0.22507329779516363,0.05447926349436569,0.01,0.01,0.3075900698607439,0.01,0.49981575722830884,0.15965207551308241,0.4494207323634266,0.23050211210400587,0.7432071056915577,0.6726231828165365,0.6041623487747193,0.7143764982169641,0.5878194784182581,0.43553322471795564,0.3066350370675409,0.27491380384358244,0.0887261297460303,0.4326373813373817,0.5727880825965623,0.3018146574908091,0.6240475723073409,0.1691705269025527,0.1922601695902982,0.13491425210271968,0.3560783472507959,0.3009804632691208,0.40907757600741035,0.1385947770508992,0.28325144920395257,0.11564914687030857
SYN-0260,0.14315678616335956,0.7010366180574974,0.5276383147157947,0.400864012248436,0.4758078038704604,0.09705847929744121,0.19195804086812746,0.2446693772215952,0.32337958426836905,0.2787678521264768,0.5525598934441571,0.17147310030823537,0.6087414910807817,0.5887289072747182,0.6834426414466648,0.6423666201696425,0.3919263727916572,0.08570792074742428,0.16238558131262645,0.4561627885825636,0.6236187234326257,0.06610012972504337,0.35699421017035177,0.5112349367189868,0.274736353711159,0.7599712551775577,0.4129562960498825,0.6373100206567202,0.16054692098317058,0.38602307929268503,0.5675008428933088,0.2625033985823191,0.4799350428085948,0.2796811536634177,0.01
SYN-0261,0.01,0.09639757978751878,0.13473211849071415,0.17202883280371947,0.269973107726827,0.19039956474884412,0.01,0.18534529739666222,0.01,0.3328092382840937,0.14668265767639954,0.2736150998788355,0.5284866761621019,0.6164197484127678,0.38347202035907124,0.4235212136653175,0.2577007909092254,0.32901710555482055,0.5169448822488162,0.18692524787530215,0.44188264618226486,0.184940795936038,0.547220154986849,0.815708737000914,0.2550050399209515,0.4949308598698341,0.2730874066912683,0.2630449825275407,0.32815586724360596,0.33001152423761326,0.18564875819070392,0.4260745006573562,0.6491332978286057,0.01,0.24055583013832785
SYN-0262,0.9176524205038379,0.99,0.34878730345678666,0.3183429075840224,0.4472156360200077,0.364598549769475,0.99,0.5781182097861297,0.6308710613779343,0.104386965422927,0.3565149353182178,0.6894584022842634,0.5917197198534059,0.31861114013318553,0.47785497413572886,0.9236230871775322,0.5089193675290848,0.2858939942545405,0.2101605390281821,0.4672122182268246,0.7607348258142768,0.15988547731964226,0.5820763835054626,0.7215180680405058,0.5200086027750903,0.5736711347740643,0.25367144707319095,0.4319352362604036,0.3996072627495056,0.36229421406598644,0.5396393212686148,0.257687242756943,0.2814762637518358,0.30373172093662826,0.12409526777990501
SYN-0263,0.01,0.01,0.01,0.32846907277807447,0.31825945709110176,0.01,0.1382057516103932,0.01,0.01,0.339958415294267,0.01,0.42501446725001424,0.58897066508696,0.6019571906870476,0.5507476554192563,0.37333675514874554,0.4288238565028135,0.32336664873612,0.45009064352747546,0.01,0.668075978226655,0.5837835028970886,0.5835968442951065,0.6651942258628281,0.2573972752854277,0.6111738700321006,0.2747378429703302,0.408979542339126,0.5674150467017092,0.18648497343570067,0.5939135175800367,0.34366205363049945,0.39046662653909836,0.01,0.3156804970921602
SYN-0264,0.16423487067800766,0.02076910502847122,0.4522417132155824,0.30254010110011803,0.07786544474355694,0.6496106866754003,0.061462328839790775,0.1282933492458532,0.45298819924660416,0.20070652310414444,0.4840249886016158,0.19851391162813287,0.6119167658106084,0.2258178653203492,0.5055508213399272,0.385124977995325,0.3738567950285604,0.3517403524244324,0.3926005694301937,0.34130437645668243,0.23894295092532808,0.29125665201886264,0.5613034040702533,0.4702162100827037,0.12824806562893049,0.5139137705785913,0.11922299239108938,0.5866393533656532,0.30693237520720956,0.6274764919351135,0.37168227663079245,0.37510226801229607,0.08820261686149322,0.40502461407323875,0.4760577196372159
SYN-0265,0.01,0.01,0.02491218468861464,0.06103993459886234,0.10799843321203562,0.059877011958774665,0.49685019452568135,0.04199383233048447,0.01,0.01,0.3119407269615151,0.6433833740693914,0.5091023810409668,0.3897666059506627,0.5545467871395539,0.01,0.7553746060030984,0.299688409576811,0.5359588305484836,0.05707919207377549,0.7299977085549101,0.3092613673651532,0.525190970664287,0.39452200931381104,0.17344168084054856,0.3393971925494145,0.11289439617809213,0.3740625972751732,0.3479341100131253,0.4879728693518841,0.37027701172535293,0.22127426253633173,0.34631867762176805,0.10358217419726155,0.1440697815359042
SYN-0266,0.20505936071929617,0.5953390547349031,0.01,0.530463413865057,0.033412838236695996,0.03305503597305076,0.3422567349313771,0.30556040786891575,0.3138896363462004,0.2997063377497195,0.2782178688592557,0.4541022189824692,0.37909106235380785,0.49242964940173123,0.5503397245648189,0.5837570342319893,0.29243953941821577,0.5944968409085324,0.31081713622579954,0.5864155827091165,0.7105184691306915,0.01,0.15981397601598546,0.32211541720214054,0.25692247177973315,0.36652592481536594,0.018199495575633357,0.8773149103200424,0.1513179135912734,0.5215513357660062,0.39467999110248636,0.25487849390886136,0.23876758464850162,0.33368143941587153,0.7213756526586268
SYN-0267,0.3499620378535922,0.01,0.4146324844651228,0.19341358438835315,0.4903862299627606,0.49216347587772813,0.18938424084033212,0.38430514049168585,0.01,0.18390221324511874,0.42697209992640317,0.38262769602322994,0.6134959207777114,0.32321725365501985,0.5199752630960219,0.46545138326784735,0.42568894958285053,0.26992402645875613,0.5446805401014398,0.20101387169165844,0.6008370971906889,0.036933374363089744,0.4556109283262438,0.7437498112826046,0.01,0.7188364516060294,0.021362142646344645,0.3476729040635421,0.4350064622479784,0.01,0.22980393122227596,0.01,0.1936961132205448,0.49627461239169457,0.21252867840363232
SYN-0268,0.01,0.01,0.03615446042776539,0.05092170416149208,0.01,0.01,0.1073667413581157,0.14333638454139727,0.01,0.01,0.06687756118335539,0.07910378873672101,0.34334870466057715,0.7280683771810081,0.3216322409560347,0.6820807176278244,0.6657975747612956,0.8313704216948143,0.4630827201810373,0.14194033525460867,0.5692227736857937,0.10722257583000498,0.6664098445135602,0.4754185281055661,0.26969992145782445,0.46839437561493996,0.22507131631018157,0.21752383303312517,0.33868571700834343,0.4139103627611931,0.29287839836601254,0.1434826681547645,0.5018051542647965,0.01,0.061105032505765045
SYN-0269,0.9131699573465443,0.99,0.6494770125683955,0.5166730168720515,0.47116038333585897,0.43617957454779793,0.45079948411635806,0.35035491901866334,0.8639129142725935,0.5483933123577365,0.4707239817965936,0.6042103539105442,0.560641029258008,0.2804224222908508,0.4424075106414636,0.99,0.5359173041922388,0.177753960574789,0.4581127111703336,0.6447965021551932,0.46639551270702495,0.3579130885329189,0.6357678776547194,0.527702533759037,0.39940486940984976,0.677340371793376,0.3446335133551256,0.5289391086387225,0.24487174778689427,0.5591120272400779,0.6716107415567739,0.39097995365178284,0.4001624161495432,0.2816296816724798,0.2066825099403128
SYN-0270,0.6483504563949338,0.9470284047427092,0.5833574503998922,0.6986665718565901,0.2079060746060457,0.16440809534223694,0.6439480845517113,0.6279431797467059,0.623620987506285,0.23752894029919447,0.3497844209535867,0.8270043668591702,0.6224546422496444,0.39474146369584384,0.7679507791327036,0.8410869123965875,0.3311669538613159,0.4360646983910799,0.29920008459865743,0.6780604702758297,0.23109854794232496,0.5042886614704637,0.6563414690969502,0.3663581252208178,0.15909487998257021,0.16962402686205852,0.3071349059056717,0.550583592673615,0.16069504150390365,0.5963376856239084,0.32568654350196957,0.17845379588131008,0.24280654088724013,0.482174214615136,0.08941346832934025
SYN-0271,0.15774644730943455,0.8177760994403931,0.5286574254357148,0.3386848074269135,0.40759973584253867,0.6262874359361635,0.12066288601656008,0.34580541129966036,0.2767446473600291,0.3998203826790905,0.5263539556263644,0.7648726199826147,0.6959296589311755,0.43373925164130755,0.5825204678946612,0.27967070199081895,0.5734602339464526,0.3444632820292956,0.4070736508977574,0.44220735626414626,0.6275582437080335,0.35261428131052747,0.01,0.7656044127499938,0.17910464362098322,0.6102026839091832,0.3995004609378465,0.39674525683700934,0.01,0.5560445024977468,0.5688747451129541,0.18966407096521967,0.5184972664923657,0.45088452871206297,0.39734186880418776
SYN-0272,0.01,0.01,0.19707668900196448,0.39927204658819104,0.01,0.01,0.12208455631217241,0.4813710659385736,0.01,0.01,0.08612135998219411,0.10726906072559622,0.43957484630852534,0.617740552993245,0.5605464864035725,0.14813878395438473,0.5784008827131715,0.5875753078390277,0.5152502638738014,0.09823546230942873,0.5489054067660919,0.48449372657432194,0.4270192965658774,0.6124962019765161,0.20081009907643874,0.666566360774534,0.44039950264117655,0.3569279629966216,0.348555366585597,0.3771539403197013,0.18591069045791914,0.40442306113070714,0.3148555488281458,0.46958231318092936,0.19600742651939845
SYN-0273,0.01,0.02001630939128282,0.05757980834235799,0.12358925788271767,0.42889910272433307,0.13136844465799946,0.01,0.37314507220942283,0.015087631010805683,0.01,0.1963825344852851,0.47825763399652405,0.03472127172716366,0.6793487901986792,0.3823234334717109,0.23157409440369275,0.4065549871004647,0.3438752250375918,0.45614844163978735,0.1418217079401083,0.17025336976892957,0.41437693715686574,0.3778610795565392,0.47585905108465165,0.2959574349294038,0.5893887966732768,0.03417733601325551,0.4558732819249863,0.16051902711395424,0.4005153893338499,0.48916406101282134,0.5347725686159315,0.40394216498068397,0.18568018251625024,0.1923335437155405
SYN-0274,0.2879921929831956,0.6908690205073984,0.724026981078697,0.4341218062958614,0.5231145233556502,0.39539026460179144,0.31822080523354446,0.5195443390832609,0.12322122963081208,0.4894308789260772,0.4404445616862677,0.36358169223226144,0.5767815397972134,0.3408477746715998,0.5417941278608447,0.2506017693095068,0.3819853718314448,0.14854839005879591,0.39530510586847145,0.5463432041978284,0.8915920458325758,0.0728349931969349,0.03859460781008428,0.3285598732855415,0.16708054363420877,0.7858508750537418,0.20780635600009822,0.6353520787213728,0.29623556103492454,0.566518900595706,0.6346677623632255,0.2418558147611592,0.4104680219544771,0.24581839715607115,0.01
SYN-0275,0.2014767584489911,0.01,0.1516429319993337,0.10161499495351581,0.11942400880149413,0.04809874579891786,0.37954291446775834,0.01,0.1039731574562955,0.11845171963690963,0.23797791066128726,0.05432952080203701,0.8553280209036473,0.5764829366604326,0.08693593250329684,0.41819707040284704,0.3411960652012568,0.25301194934923693,0.445718748469358,0.3927546430356783,0.59917760992139,0.15166863282900628,0.3470523016248258,0.7187584202634963,0.3222246528134398,0.3785987822744382,0.3553483954024004,0.4494636743091929,0.4115746362560313,0.07094501604405756,0.11527333771283232,0.30637268476113083,0.21045233639162808,0.513963161167756,0.31552840779034325
SYN-0276,0.48130277279370737,0.5557185586152733,0.17617161348202823,0.5165674822912537,0.5387072394851032,0.1866583852129551,0.41240809975499454,0.18591929243924732,0.28159414107903363,0.2602103513777634,0.450415824281061,0.31862751894019625,0.7257000175455828,0.6336246808438067,0.3653529067762207,0.6491263553243273,0.4635556836515443,0.4921962412233764,0.26842355805935586,0.5987560261168001,0.7903374758163515,0.46048464717558457,0.10241086283841963,0.768704885850361,0.5512374185978282,0.4432494929159928,0.15683663229695205,0.7888912169087683,0.45349059512492107,0.2560507168408075,0.602583773724666,0.2921056719577393,0.13075834822575416,0.21143512451699817,0.4130857245407039
SYN-0277,0.01,0.01,0.2772883836208485,0.4154824487902169,0.10821673247914193,0.38506758907359473,0.34920670205725324,0.11492061804147792,0.28611811711122614,0.3579063653551937,0.5172854346231166,0.5587785547494186,0.6149126357012106,0.3604318548112856,0.3138512580705609,0.619284349123943,0.4372663582137064,0.5962419319892246,0.28769613575993025,0.29438090874981937,0.5076836938270157,0.07722119224043664,0.3228363493267123,0.7912220435921069,0.44121338648871256,0.4519766097826491,0.4254491558774163,0.5347181464866262,0.3117326634353196,0.4897611685928326,0.39932384990359865,0.35882844265614233,0.10178640284082907,0.42603461489918737,0.5526181407017581
SYN-0278,0.01,0.01,0.581946482142421,0.7285526726962304,0.519513272442807,0.2804311731689896,0.3982266224127018,0.5500151396825579,0.21564975203995795,0.3677818646990336,0.4880891923813932,0.19191644755996973,0.7059503781777403,0.22061982612969583,0.5598720115848482,0.3361039160776404,0.5441931039542987,0.2975188815248585,0.2804098887081747,0.18871111275794494,0.461483090164466,0.17526263727337976,0.19030627293542782,0.553948151356029,0.3288119849469404,0.6711557334903757,0.16056993955275123,0.5672999480541605,0.23334261143590562,0.44846773569463344,0.7316057212870991,0.45318611973207823,0.31757649216843703,0.48118804901100454,0.2608045895551699
SYN-0279,0.01,0.01,0.01,0.10640202531277566,0.14762468381309207,0.01,0.15764340777067304,0.01,0.01,0.01,0.16882358694490657,0.1763395615990953,0.5803405147340652,0.31917930395027755,0.499180786127781,0.4669515222513203,0.37581702523585436,0.3521657576449859,0.6687656893280959,0.18014279089158225,0.2644087172501149,0.20302141547141245,0.5864803886704689,0.3167958999025021,0.18335357246336179,0.5750150987656628,0.07269655201028588,0.22747555558012214,0.4557337637245313,0.06314276980812242,0.01956424214838598,0.3179525784647862,0.4530708453097603,0.0650147641040664,0.01
SYN-0280,0.01,0.4476357192955846,0.4580591676029673,0.6195868608221744,0.3273189560783737,0.3899181472169035,0.23627142943799137,0.30084293588847044,0.24753503781618852,0.07499713967955784,0.3473653433606073,0.377774259972638,0.5786178713979109,0.4841624012585524,0.46884208577937736,0.6723384455847967,0.28724574876344,0.43222825971337275,0.02515332680757315,0.4733580801357473,0.6585660805765425,0.20583198553492388,0.11632142559550802,0.6587758683644295,0.2546252723444565,0.8143515420976146,0.2744973064154026,0.8026082689293833,0.0431888147211304,0.27069778605280703,0.5605604376963317,0.16982648023216151,0.2506389338944934,0.43017676271099486,0.09994214581477259
SYN-0281,0.01,0.01,0.01,0.024296320691959195,0.31177505368571234,0.052592129359951424,0.07608940164964596,0.19827709385643488,0.22061046579339788,0.35697116475260726,0.11546920612669515,0.09368409528286295,0.4256445913417763,0.5506177380538375,0.31160888366932066,0.047438700379096505,0.593884137802036,0.4409642515248127,0.01,0.2132493759129386,0.5940606743917645,0.08470308703478219,0.3108399982236364,0.388942029798855,0.22784270084160593,0.5344482953689293,0.3070392181335066,0.18057156570003427,0.4949369228024114,0.31324684290727,0.2467603885409848,0.2588084313108258,0.48706747396664285,0.275487233813037,0.46441032032907203
SYN-0282,0.01,0.08989250046354894,0.01,0.08859398769065208,0.01,0.19910339471739336,0.28420699125462645,0.11302760458515106,0.2592232530485443,0.14820439355181653,0.4388709949743598,0.35281204711975706,0.6253067319691838,0.4019103707171855,0.8210904790396174,0.4725430050671736,0.6206992340146761,0.6875846606934651,0.30850643188088167,0.07107272785851816,0.3637743892821588,0.08935879449282248,0.8070518090389666,0.42033886073143345,0.19761232612515345,0.7115578275595875,0.4817695704416233,0.3350115977143119,0.4915535690554733,0.1586608547289532,0.14466503302887598,0.2681531613497499,0.31179756913947543,0.4938063760439423,0.388312555979228
SYN-0283,0.02969146509978219,0.01,0.567728214656899,0.2656961025902169,0.31168283571198546,0.4377502778392317,0.01,0.2255658909288477,0.013091911078476265,0.01,0.2661031399447244,0.338355199666194,0.6339770375871658,0.45588805634861407,0.23369253176115207,0.22353321510234073,0.4469262119650352,0.6166258859890774,0.5127050301769813,0.2644643392318041,0.5617112356171252,0.30110723332482486,0.4472392284907583,0.8336562687704248,0.0803751666239616,0.41737751883404484,0.204526842017619,0.6272985640820936,0.058494460331881215,0.5243188768946695,0.6582344923574794,0.4707715667475866,0.11449705941263705,0.14614638153415294,0.17327692105449566
SYN-0284,0.01,0.01,0.04504373690644506,0.2998435795200328,0.11688194901954711,0.1548559839013282,0.32416701180657637,0.01,0.01,0.20561592320523864,0.18922869692025288,0.33678329860599127,0.6018007476755345,0.5434702565547297,0.6910775984675008,0.2678636374505337,0.40453456835943963,0.2901083156898014,0.5413033103814802,0.013602794072891944,0.5620604197357695,0.14738965334589949,0.5021565478900228,0.6800381052929668,0.5949198640727629,0.5554050027102881,0.2369083495198373,0.5828336267533141,0.38489212644726944,0.15882143448640929,0.2950273225100911,0.23583679454151057,0.30415378973385043,0.1610510375940333,0.19324235611668733
SYN-0285,0.01,0.09959186282512456,0.024640129139364822,0.01,0.186857789641655,0.01,0.20845913324147614,0.22219741191165668,0.11095751517201005,0.01,0.14683986695078888,0.24258647757902088,0.4547407310144699,0.3546834305480354,0.7313228783233624,0.5397737096356593,0.49128000759356,0.5122151538158861,0.4549050741655373,0.05091102837289428,0.21270776911690562,0.7175888235235582,0.49270655440204353,0.8663043857302279,0.01,0.8717162840841681,0.01,0.0474813651990299,0.2535621857797604,0.01,0.200670429388947,0.38907285996977914,0.07182559797171961,0.15184252979496649,0.5441982630052384
SYN-0286,0.01,0.15913278685721333,0.31453195335855216,0.3070524837370334,0.048942670096465635,0.29029618395590684,0.01,0.31135647349622997,0.03869029358916553,0.01,0.135945172940329,0.5162679993368674,0.5179928703277243,0.5488908178674,0.48340610615210444,0.3990182852239257,0.7484846879425154,0.7020696756859411,0.6044953313089978,0.01,0.6768446942720447,0.19027086107122565,0.3179477182653465,0.518508508998937,0.49612749567431774,0.46689279051467114,0.4033797074599476,0.3584125808107776,0.5676211887758453,0.1569539223286666,0.5586331336716932,0.2686611026803154,0.29302448190512365,0.24729878489723628,0.29600403985703616
SYN-0287,0.01,0.01,0.3032519434997269,0.25966751027289464,0.21827927934563376,0.01,0.17464334860762504,0.27266192355850105,0.22384483229237334,0.43489325948213026,0.1892351725891006,0.6158817553071454,0.3555687927570003,0.3738254258939324,0.566291747647874,0.4443986924763409,0.8503551259661217,0.5534430228140518,0.43134212271803096,0.2983511932918459,0.5155883200706025,0.01,0.5633484876292828,0.5881619395181069,0.3615934357037826,0.34204832387025674,0.2004867854622752,0.4250919552839522,0.4529433877203014,0.2194796756685734,0.11495391937261407,0.4060544869354607,0.20516300336717908,0.41573299502122885,0.1615663477406254
SYN-0288,0.01,0.46650234733069684,0.3905842382861692,0.3780523141538718,0.3180178495169279,0.11421305778084734,0.3910677493020145,0.0741683612685809,0.24382175142506238,0.29211250329356303,0.41269118146984374,0.41526150365631725,0.5984421026726983,0.47854503227700995,0.35841061759891146,0.6761178934065692,0.21950965178526244,0.40527375241989133,0.5693503219319156,0.3965491692087355,0.8839988560930019,0.3640042974096167,0.3474652400142486,0.26418538479661147,0.26597084990335085,0.43302497536476464,0.10824230463517055,0.3126334555541097,0.3181206343380408,0.3442250448198263,0.6176320516871117,0.14562316589264693,0.1276154256783993,0.01,0.3955098852360359
SYN-0289,0.7214191323690473,0.99,0.3710483469391256,0.06894993007764216,0.28113784341264025,0.14844992932454765,0.7939632331419169,0.6492233357248156,0.5912815248966968,0.1663049394762891,0.5264496619367729,0.3989240989852708,0.438337314495145,0.25248626891173387,0.4045100352148424,0.8280741924672809,0.34478438165027114,0.3834674511635313,0.1990080282074868,0.8072256441506409,0.22327068890283241,0.3279163350050606,0.43526532127687845,0.48298937410670945,0.2296953302801622,0.45274114856127673,0.2990817678997624,0.2831818815095306,0.4216579367455336,0.2794891523198439,0.45571002599251625,0.5314611557514796,0.5358979991313436,0.1121524836992693,0.3547978976259423
SYN-0290,0.01,0.08088156120095708,0.6689339802667131,0.01,0.3595092275944468,0.17611193201323389,0.3712729642802004,0.15150737858149405,0.01,0.01,0.12468152860839851,0.539055286166221,0.4019829209438623,0.5696983511206666,0.7624599937550182,0.20446517973196515,0.7307301060674007,0.14331490032821032,0.3669209353005059,0.030054203986228212,0.3051180846305826,0.26042045374641,0.32081025411065384,0.5605589466906521,0.24089423722506098,0.5730700129134028,0.10721549333640587,0.3177309920156702,0.38395515352850534,0.16621251142439136,0.01,0.44993773962872563,0.22248458072359234,0.3489271867139207,0.1483394520560276
SYN-0291,0.05542782803550279,0.01,0.46374281747572665,0.3391944311465803,0.4103249251903342,0.6277781681155601,0.33966148578370403,0.2513080232251944,0.24285590815934086,0.5314417497180994,0.1182437289186263,0.6582164275659133,0.8516302761384602,0.8505328871661337,0.6298402463135806,0.5247598882403162,0.643931186796993,0.4872637127367433,0.3117634955532854,0.01,0.755313116889347,0.32956496785495126,0.48925929740164714,0.26611763389554993,0.13429370547111635,0.7896744199710153,0.18345785072719842,0.29338345096024426,0.3450590980702506,0.5983109144741822,0.6384418995552494,0.2790449701714113,0.18607015775784483,0.24604955292148553,0.35714510812164657
SYN-0292,0.01,0.01,0.01,0.37707842406543024,0.01,0.32430905441331237,0.4239018506030242,0.24044653744359462,0.11911572037891614,0.37982673301682335,0.36335855447371324,0.3721546860209974,0.3411069941624019,0.5182605091057264,0.4204013852905823,0.0739645714616986,0.21558624732714166,0.42436325200809594,0.6921155989095233,0.01,0.556784813692021,0.2000038156005082,0.4323389240224083,0.2795695820391882,0.19579603602306858,0.46291577142714296,0.17566198874608613,0.2691356259922231,0.2987185541456966,0.01,0.22537400548883674,0.4917549997117578,0.6133720424074439,0.1193224788474903,0.22788139724698342
SYN-0293,0.01,0.01,0.01,0.26117010606433455,0.3204329068334783,0.1886151083102986,0.14670863397562217,0.09717007059340164,0.01,0.08514346394828382,0.15687511440719476,0.41840511557651444,0.215334175846356,0.40183424965304115,0.5654197742340866,0.24694666421615738,0.3918624968299379,0.24569139981560711,0.6460025758962363,0.08746274146803745,0.05979116107947097,0.01,0.3779231175903387,0.5709681008956373,0.37072265100027946,0.5382211608821352,0.0528501800097102,0.5461432673235789,0.30886374965430363,0.17479696095368036,0.1703792226443903,0.09223566577532274,0.3647670693789483,0.10524776746628971,0.5389832094425517
SYN-0294,0.01,0.08714921061534447,0.28674666838582485,0.1633049650915483,0.01,0.21335176568363762,0.38478287260764543,0.01,0.44139291524511703,0.30408633189675005,0.2630713994698577,0.33305034684685697,0.5191400349985277,0.6682949119195839,0.5186795745660924,0.18133122841087357,0.45570434718289304,0.4090976969115076,0.4608121392759595,0.29167369386968256,0.3732745103139173,0.4196633291882139,0.1746558425938846,0.48500984477367776,0.3049693932021668,0.3888744710322728,0.25704445493187295,0.2966635207652402,0.2915254424565223,0.3381944872221142,0.3068156100518619,0.3778130571490388,0.2068196082068301,0.2957198973946375,0.37550617408254394
SYN-0295,0.9238561421488453,0.8743267556451221,0.563237552734097,0.4859021492169945,0.5807977669221885,0.01,0.7469990434122123,0.44107502082989936,0.6592057796576188,0.37122610711903303,0.35431950009501123,0.6115340333565964,0.6154703499318563,0.5373855242623851,0.7991293970334764,0.8826799272040118,0.39485911281254593,0.3189309477172374,0.06565504845028536,0.48959128033721194,0.6439582865537581,0.3224708590941732,0.34571144246691166,0.6612762840557894,0.41602816165326606,0.7262326712088034,0.053011347517435,0.7508800291728996,0.23890739750169687,0.21940513870589365,0.4322353625386238,0.5188175407021662,0.23999751494995522,0.2667140497042233,0.1785031458139843
SYN-0296,0.01,0.1813575562850449,0.1768532007371349,0.15982227473487723,0.5621473788710969,0.35837064040248756,0.2558762976091475,0.3645351703069702,0.18160091360383399,0.1421120736243892,0.01,0.6283971663923369,0.48721779624076056,0.780397133340253,0.6611206919697068,0.10952477752406178,0.5511452481641015,0.5544727402935539,0.5029705372559261,0.285548938309426,0.7885665260969108,0.026218581572171717,0.4178254854689178,0.5463353022352759,0.22161348374806966,0.6334392742184081,0.06001658329634346,0.5572144969373738,0.40079854132533604,0.1935415405213988,0.5113359563392588,0.6013923955912663,0.3352931059795689,0.2966083124373706,0.14482244851183293
SYN-0297,0.11394638229008326,0.01,0.14499596808446968,0.3961715769845353,0.23791524333490915,0.01111774544455793,0.01,0.21297055240649276,0.20244384885332467,0.22355509464813803,0.40610532773505115,0.6092736724026334,0.4308985012588125,0.6316366237239596,0.5066691900776421,0.21672190660362767,0.7116296717752557,0.30398468523066996,0.4311027625844074,0.01,0.677266225576832,0.19605728354565657,0.40948559325648354,0.7590828738879557,0.20645022642143718,0.24790166831239746,0.21830897900319213,0.5679974229216419,0.08208561649953261,0.1525322834575885,0.5055008828102132,0.37834440710913453,0.2587738891808919,0.37717126383211286,0.29188016179445586
SYN-0298,0.07092269163290787,0.2776281018157508,0.20893550184593812,0.32113211438328815,0.26498009917452675,0.48267223968200834,0.4189756336743285,0.5018465947877245,0.01,0.4096230401323881,0.4762414692342464,0.3365452745092982,0.367033516057199,0.0436969564199835,0.42988162277588954,0.37277629237775944,0.4687233783689484,0.6820153609457948,0.4978211953668051,0.1331774019096874,0.3984223450554139,0.4264471895337547,0.027625401330031468,0.42025419990734675,0.16517345553072227,0.6910623405258778,0.11024458593693014,0.5187536447661956,0.23912074623305474,0.4872346988789891,0.28502257789718477,0.3514102225998096,0.33124794011359265,0.08148068336798936,0.01
SYN-0299,0.99,0.99,0.7644579561987199,0.8767624764011492,0.39903310411632403,0.5393869072302382,0.7117177647410338,0.5624480447265728,0.5755166600404846,0.10238894882786975,0.42359685845363515,0.5999734265529411,0.6783888915533677,0.6622337635231318,0.6487978873740905,0.7405888367315083,0.47741176946492,0.6365313230547602,0.39466981929837475,0.582032121180488,0.2991970625259533,0.31817000624171293,0.48443432763898636,0.42192943776473885,0.3097015054246385,0.5255415884647713,0.029560630414250222,0.7733245952003548,0.2987607864031091,0.4975558647791557,0.8303723092247353,0.36589473468949185,0.5529995408811677,0.4542595525686929,0.40302710308305656
SYN-0300,0.9451978985238594,0.85268781109899,0.5470200346701777,0.43063716124180706,0.4240585272561037,0.3819466143246679,0.7505702385955316,0.4531999643292367,0.450356291649114,0.22117375403977022,0.421594325189191,0.5129269397982121,0.4188452422716879,0.6522906591286355,0.43585094217503073,0.6841373284344768,0.4998706217308993,0.4588339523200079,0.18003829226651463,0.4135534759571856,0.3611345356188343,0.3069051773242602,0.6115508637449419,0.4772670177212406,0.33835046173715333,0.6041238069799004,0.30961421803204037,0.6846311419740044,0.26100278233158825,0.6234869325295718,0.9094059845605671,0.35140530570462636,0.2798953102637617,0.19831235825297222,0.24568580529770762
SYN-0301,0.01,0.038346061143608556,0.3699902784490261,0.29929002829177925,0.5590949371559488,0.25765885566644475,0.46157635342550957,0.19481623066012252,0.01,0.4865440834963247,0.23346937204617796,0.5655590428942465,0.26317076512116283,0.39520631224545283,0.13137162063736552,0.3749331540937611,0.31836052531653086,0.5456765192210389,0.31043528589499464,0.01,0.4569692747747361,0.28087763967360274,0.2117909652081608,0.7460450228190428,0.04163845011091685,0.3001162570843624,0.13754143358233661,0.6866299059705265,0.28301163316150924,0.6647535223390848,0.5558388584788361,0.59750270728329,0.34766965961974816,0.47066888160324094,0.20600321603923893
SYN-0302,0.9833931033821335,0.99,0.6362870191380731,0.5537563412414471,0.43940104767620747,0.4385840572210042,0.890780074797736,0.5786778320220156,0.7298460613473308,0.01,0.23404101983933048,0.418322044424952,0.7494901334235073,0.28434155331216443,0.3526792138889661,0.8581226487867333,0.49753093336029086,0.5544276148419593,0.2557038778281483,0.7199802784693718,0.2679910989418078,0.28616677160942966,0.5538681730673282,0.6223269119799341,0.1339147989991034,0.4550986273998982,0.31749962655802577,0.582016559983429,0.5287865009247128,0.37613407476842975,0.37037025484658337,0.01,0.26860422033682907,0.24299575228915324,0.40138652269056724
SYN-0303,0.8588108999546833,0.9293142985859022,0.5322178543139094,0.8047861891178074,0.7026143275033463,0.40858646948572386,0.6549290133837024,0.41821115450174795,0.8555093700476397,0.37052846474333434,0.4143919418894956,0.6991463399344424,0.5170917055028763,0.3466244120849016,0.693151178445055,0.8695827509698986,0.14030357281533923,0.23567547733387595,0.46353940939887106,0.5622947528554313,0.4707509664256877,0.6324069597757974,0.8071350946894964,0.3729014288295158,0.318244345976598,0.40285168601477095,0.23148341317051885,0.8090107358366291,0.4081970871646834,0.33822572346425894,0.7641467722478344,0.015398852722484424,0.01,0.3771083942865122,0.31814952435270066
SYN-0304,0.9743707251026631,0.891000267279791,0.6400412643895493,0.5886099341495437,0.593636185493073,0.5000312770595317,0.833396597055647,0.3500354833208147,0.29300613509409473,0.5875937850952282,0.6405979481175399,0.3678114047687635,0.7561635991835143,0.27524166525479254,0.9464731481660676,0.5004774486163114,0.26758137874538246,0.3756035404748187,0.29922563764661864,0.6497282923134071,0.3686414984413702,0.36923670178527057,0.3771704438899488,0.40708183090093153,0.01,0.6703589268029226,0.16860545667896615,0.660201699951631,0.16526276141700613,0.5412915990438179,0.7132688478208591,0.6424992439302482,0.28192200650853944,0.24682307005586948,0.18965468215541592
SYN-0305,0.08376720470339262,0.3801258764632113,0.5655447460440075,0.07730279960548075,0.3682921090126581,0.13165577041356644,0.6077910912964246,0.32517095258180273,0.01,0.20226560373457414,0.10270902924471503,0.30973715529921875,0.7929807383011261,0.5222748071624215,0.43763894573547335,0.37950007217537496,0.41221843026246463,0.3185456147482354,0.5470071040319121,0.5245922979174844,0.8775364469477915,0.21917930912661573,0.13218034661573105,0.4935209015844038,0.4050599029568858,0.2518534119629088,0.30578817254813084,0.6212517920581153,0.45472280177537683,0.33758761115955477,0.6594423341539404,0.2297423141452861,0.5202616544607612,0.11470832860446482,0.0228878500151099
SYN-0306,0.11382304931217052,0.01,0.0869695654988307,0.07678843443067424,0.15378325495964196,0.01,0.01,0.1058410666015985,0.05878786557023301,0.01,0.07308757204978478,0.17701701639395195,0.27738110561537294,0.3950715381855647,0.7050988020558544,0.17133037412868368,0.6180882574891372,0.34210206038354096,0.47828741436779537,0.01,0.39696728740831777,0.20608084446122146,0.8228618634537685,0.4533604872597523,0.2525013851598555,0.3897020603664807,0.21813299793767593,0.3477678768262902,0.32504648271875813,0.496468172837383,0.6245640638521752,0.5798303293515596,0.6052707479197235,0.342933343291701,0.32492138767493256
SYN-0307,0.7153453452891758,0.99,0.37982859554946424,0.9408777836847784,0.6089084759763461,0.3299855321266876,0.7286232100612007,0.6334599956747556,0.7158166957333126,0.6157688196865986,0.1856833922334456,0.624120624780041,0.4813803879476515,0.01,0.3135924354988272,0.563152649533856,0.3723168362716561,0.23999296599165248,0.1907848603212991,0.6084481898933857,0.6228249935133313,0.3826782041162921,0.5477093031734064,0.5378868136344084,0.27361468764542696,0.49906643728062194,0.13417188992257004,0.5810990701058907,0.3139714674007628,0.5358247654103656,0.48559908480114833,0.23511906461186566,0.34462493085609497,0.151056608662544,0.3820948571588355
SYN-0308,0.6986678812189243,0.851770101892853,0.6301577078863339,0.6872057262244432,0.4018870120729379,0.11946278500853724,0.9169703581857659,0.7277411103667337,0.5610198671446008,0.37909367655845805,0.5050910836181148,0.6740457983022395,0.8264212181162669,0.27085607017787966,0.4123461343187232,0.5017697504760279,0.6499013815319223,0.3641558676112374,0.4616013340843569,0.5544295521441884,0.2786433679688154,0.7476984075120692,0.2557100958475676,0.6925850856099364,0.5738722120037658,0.7307365576471675,0.20859709820735878,0.7861828662910191,0.3105797603824238,0.6526899364861646,0.7921514168486374,0.19570281328692055,0.27258337369707913,0.368931291970077,0.05492786514550321
SYN-0309,0.01,0.01,0.06278666773925493,0.04536477525150731,0.2416038706967184,0.01,0.2304390842601307,0.1099849787593772,0.01,0.02931995979717572,0.3753515069913508,0.4766635620702804,0.29339060780975706,0.7007435810104443,0.5765891024184847,0.27342192477116417,0.4696591778767279,0.3992766747497771,0.6748617101605392,0.14656189107240236,0.30826725716346615,0.2866450479417876,0.4232127862162507,0.658751418634783,0.44007710530397187,0.23595591126010018,0.421373287494257,0.454952710682342,0.6108433090663623,0.684900703394917,0.47770480245833286,0.36855484188832965,0.20881884926158595,0.01,0.2421954770515865
SYN-0310,0.01,0.01,0.01,0.17189172336021302,0.01,0.19815073979007836,0.22701788838935497,0.13580234614080652,0.10976284971285466,0.21978233009887116,0.01,0.2829312643478201,0.2980434551906531,0.40886204120568415,0.6971076713072504,0.40230245316292756,0.7558612104813638,0.40086086653045244,0.3520064935396066,0.08145416841901036,0.5437113788359788,0.3562951562490525,0.2297311396470344,0.2399924187842592,0.01,0.7237843457454318,0.5211106973052448,0.48386675757905573,0.14813539401920056,0.17668949942630446,0.1133708384326782,0.4169437991498176,0.01,0.49727956498025616,0.34355965950510986
SYN-0311,0.6625688974805175,0.99,0.47681727470707225,0.40113654160258816,0.5387374678853686,0.0729098390072822,0.7762703730424121,0.6512473016624167,0.5994848198266866,0.42838339314310236,0.32819263518653335,0.1474928711468535,0.7752170163552864,0.4588195209938788,0.4335653724678382,0.8376539038787705,0.5073122712359226,0.27115286276786665,0.01,0.26478443340794233,0.44424822136895775,0.4733092822950047,0.591867951281701,0.7267769722303149,0.11804247875942142,0.29032745921417075,0.01,0.6417352174012718,0.2626013693464013,0.8109382039617063,0.7047491133454267,0.37310369675927824,0.13813721452728,0.34220985745848975,0.10175408496169003
SYN-0312,0.01,0.01,0.34934409390733756,0.10141409447913635,0.02760703362061312,0.19274255103754181,0.27479148290895605,0.1935804047165593,0.16604722999160665,0.01,0.17734756205052193,0.23912134091743398,0.7986951259072963,0.31394766327772106,0.6030575652492165,0.5767225311770512,0.42062327129824895,0.2621796444387191,0.6806891648232578,0.30472423419346767,0.899452714822683,0.20886858511763623,0.6167986571196055,0.6819711282642021,0.5532587857796699,0.44797173408480706,0.041377826972195886,0.306428801090453,0.32078062343133895,0.2783640835361954,0.4324886009563276,0.2045224740870007,0.42870004379116955,0.2602695067789271,0.28242351975652913
SYN-0313,0.99,0.99,0.8558083139898827,0.59342001135396,0.5797003453093827,0.34531049023246707,0.47223648815769953,0.860693888514058,0.9045206047760084,0.24911757208083452,0.3167768324373097,0.7090485516796328,0.7974023540426702,0.296926588076202,0.7005358358862841,0.99,0.3182402820940906,0.4270287219222807,0.4366316379794093,0.5363134540785284,0.3418517002066265,0.12734018676617165,0.6506682960599186,0.6667782420934099,0.18000490205175854,0.6908295580778243,0.09031684406308382,0.7851410844535192,0.328328932834867,0.0938322679281498,0.6028887125331512,0.28101836568047867,0.37100130437192547,0.5608310844588276,0.6194566282831871
SYN-0314,0.01,0.01,0.21923950141094672,0.4520985170831283,0.2258419636685738,0.4745131754704644,0.23831995947131818,0.062450008625053545,0.1399397306626744,0.2230208164246153,0.04155298568386351,0.14711916246219459,0.38544736398123636,0.49639818301937705,0.25675513488126894,0.3633035016205082,0.7210935702208101,0.7350670723776882,0.39880222316019065,0.07194345936058322,0.2389143715650115,0.08570129259366772,0.6782296524152519,0.6830609074485408,0.3805858658566464,0.465417099366542,0.2430596090271858,0.3141098545291866,0.3991595553525295,0.1567283064114773,0.1699941683749383,0.2846707577446116,0.2685266651168273,0.08982566531273092,0.3811453385698043
SYN-0315,0.8676935947622396,0.99,0.7414397951617892,0.6158619957237444,0.2601090946356287,0.2566013634848995,0.699588539334433,0.7724525703893258,0.7389491056688187,0.173256735656352,0.3894124546420896,0.7620037233341929,0.7501796749896512,0.6924265249220587,0.4162173621647599,0.6593801721209771,0.4303484772501757,0.14587219073764904,0.21420136829479114,0.7644313357743461,0.2821154049308819,0.41341467923958597,0.5054068638925785,0.6468900595978163,0.26010893096622023,0.5502951681302392,0.030555154527822814,0.3491218117230942,0.4434275121360619,0.01,0.7267710309995099,0.14881162824464053,0.4324142096299177,0.11617991036320306,0.01
SYN-0316,0.01,0.01,0.01,0.15974624896323797,0.13738488164828258,0.01,0.12368839741862828,0.33070419888687186,0.08898569507802254,0.01,0.01,0.10894863706751019,0.01,0.6412620954224874,0.37885121945892136,0.31702657381582744,0.6798528239022518,0.6437900459205894,0.2840328447317272,0.20389788548266885,0.1623132967634027,0.11036091941384074,0.36463553907970875,0.30022785102526933,0.01,0.324047293795226,0.43432246951779424,0.3272245070147542,0.40916520377449894,0.13758134928999305,0.31934096535428225,0.19440300720499848,0.23272793011666199,0.2571385038087759,0.35693124233618045
SYN-0317,0.1491981897916274,0.24043922734897058,0.4175365918694981,0.2204596256721466,0.40322279211564865,0.3626911650176796,0.2494268434596518,0.23923176644860059,0.3922219947407365,0.01916984674891295,0.1470577471050708,0.40992965106276724,0.5769768356127317,0.5238694480308995,0.0994642624967661,0.01,0.5195100111488412,0.7455910625849583,0.5334520374269838,0.09164654502693725,0.44430178146083565,0.45986120333301694,0.3249470057185511,0.6322576552963294,0.3564233069786251,0.44062662979442274,0.32849214061079435,0.46377116154675085,0.22872428467825284,0.5569083309512158,0.258283212178135,0.45034478357698726,0.15531547515637692,0.01,0.35552351695507767
SYN-0318,0.01,0.01,0.12177250575473392,0.38534885899409965,0.01,0.093823667871901,0.06988660649852071,0.01,0.01,0.1565946201312182,0.12804442573788116,0.17496746622315784,0.42830715629535326,0.48817994278765175,0.7213630733907761,0.5597370276898659,0.46950585577698445,0.26603062009891865,0.5029033675025129,0.21974140101775874,0.5060927738561747,0.0429332025512143,0.4564659972604566,0.5092467149709592,0.5356588800544367,0.42361024026821437,0.12930703377225503,0.21364889539767412,0.28435845653306413,0.04587178157472385,0.23433142210738744,0.17777490098929483,0.22423028750707483,0.31993673527501454,0.055673616470397674
SYN-0319,0.22524859453917231,0.5316576950309546,0.6497320308964166,0.7903647795003185,0.447671725432471,0.6054514983978339,0.17653446091619748,0.484602659856394,0.35671656243775746,0.2721504986234641,0.01,0.83951982633987,0.5300924306373855,0.6362391637726766,0.7606942592187598,0.5445121866799394,0.5068853728451048,0.28077340010493657,0.43893306020286754,0.20499339368575448,0.8577958332980853,0.5525788378827345,0.14078010428055748,0.46266970016445247,0.48509205658723575,0.5682817226023738,0.01,0.5530130203351069,0.3586960831168745,0.4003507523465898,0.8159853976105771,0.14311260411830326,0.28042084670427636,0.02511697906450794,0.2912552321562784
SYN-0320,0.01,0.20019760319285929,0.01,0.40765477193434363,0.2888132746171908,0.01,0.10405759158659453,0.03344242797131321,0.01,0.1934849966984221,0.17289552819052567,0.12892638449013963,0.34626313818634585,0.6538772823146488,0.5212610792445782,0.10879766852090486,0.6798925981881544,0.47229907641841573,0.4025829603837681,0.22044194337620104,0.3449711243315684,0.01,0.35506691057979,0.41666170827882365,0.26110247997025104,0.6545416038355998,0.010023676956147975,0.1907832018382647,0.37754549993897285,0.4821814587641975,0.23578607837466434,0.13527447135826687,0.48415700035791687,0.01,0.2927033599428873
SYN-0321,0.2637389670324636,0.07560955496678329,0.01,0.48121968471921883,0.6932891479073997,0.3011393591741758,0.10800331358592277,0.2134299120909676,0.20777305481301578,0.33698394771661627,0.01,0.4873910302153488,0.5189568272430848,0.5532947868210323,0.5566947256614461,0.36487380319182794,0.2980906110528598,0.418019565315776,0.4497204961039663,0.01,0.5245596090548036,0.26756632228928035,0.32042245252043433,0.7513344746287614,0.21481248536716685,0.6487043778972224,0.2759623147352825,0.3990986862684014,0.4035319198779863,0.5476642727852039,0.5063078063269043,0.5359890228498219,0.2414430800971106,0.16432350319285915,0.01
SYN-0322,0.01,0.01,0.21488032227242654,0.01,0.2065383120605352,0.07200087180647605,0.23383899612361062,0.1758779769264538,0.13417791617309657,0.1953389041866163,0.01,0.5216902176687352,0.5255437062059356,0.44987635361617506,0.5647943362976242,0.06237304295055085,0.6980381261836569,0.42005485911626084,0.588398469716341,0.31197756978223484,0.5715697946692476,0.4567225314233401,0.4357217882110238,0.39961928277618786,0.18296976696086764,0.7333947770995333,0.18090223925069449,0.23833129122390648,0.3745105655182172,0.290529624996995,0.2625690763038508,0.18263237680124872,0.02583169777627803,0.11813759652812168,0.27106706633507777
SYN-0323,0.09813647127433596,0.5768174476884855,0.7383272659494651,0.4438782491328564,0.5281477325203087,0.6012684852744528,0.35920269963624907,0.36294658972004556,0.48287366856077335,0.41613074916554543,0.01,0.5606438319050737,0.7841618758508112,0.38243810887604757,0.3300314976656007,0.8206199907937949,0.2912402745474808,0.6633285030194365,0.296441871525807,0.38403365929819816,0.5310567452771131,0.01,0.4975813130220637,0.35863061652562184,0.11574468835419077,0.39822194008863077,0.16184496659760939,0.4956449698703579,0.4317771627486291,0.45700662601733777,0.5404659543044517,0.5998606302038046,0.3733801444851883,0.2293651174568545,0.1311231432164109
SYN-0324,0.01,0.01,0.24551553878924826,0.21968067084014373,0.11936665068389257,0.01,0.12276820205771653,0.4133661458152399,0.02769027599835903,0.01,0.16659473091990673,0.42781151830816494,0.24115734760282484,0.4328137389492733,0.4718019581388234,0.4111107998454542,0.7675952311840846,0.5300847277125864,0.42431515494457595,0.01,0.2926967368666641,0.14824341482119907,0.5289165631316675,0.3373663383059358,0.20961992631661006,0.5185822982335243,0.37692314179807274,0.4059985104287284,0.2161644937970919,0.17693021392535802,0.3740269618614252,0.24377658733713797,0.22952757147851321,0.13310278050009494,0.1156756243771793
SYN-0325,0.5944915707967269,0.99,0.4914114497772626,0.39362735763311607,0.25801768307184136,0.5713163375437069,0.5339886788316519,0.5318736085595851,0.7397376138257649,0.4133465370742791,0.43278377671593027,0.3105769005030128,0.616828098017228,0.5892786466192199,0.4144537132352144,0.6127406628086811,0.43505150441619,0.3651321371881978,0.4424218581851694,0.3702309093272721,0.2733063023742375,0.5873495524153203,0.8037056706213481,0.7485105187288787,0.5475710243653433,0.2828606464827637,0.32042060540975814,0.655813480251143,0.25117913262407066,0.13054549441218055,0.7024192810857421,0.09798305755358883,0.044708323581472004,0.19400885871242599,0.0512478146408861
SYN-0326,0.01,0.01,0.01,0.1356120853482346,0.40272630129408993,0.10107890030820876,0.01,0.02869654014277226,0.01,0.20159963124680658,0.2957441745020467,0.01,0.3156211002589938,0.34824281001969803,0.594496661288183,0.07573990941946698,0.39931855905318353,0.4440023173028046,0.5723623670994464,0.26319369573049745,0.244234569848655,0.262770375804854,0.5727620608933136,0.37715217144361096,0.24362770620387494,0.40084780865201647,0.22240711318675094,0.14246314004154606,0.15231691993975852,0.2491455408231232,0.422358295062608,0.014252120790439471,0.09151187823546278,0.10230199370222133,0.41330063543685325
SYN-0327,0.01,0.01,0.13173679667995078,0.01,0.01,0.01,0.17081109653517218,0.030142821056358432,0.15203078398870767,0.039356326810090075,0.456072099762187,0.18169141791763757,0.16245968792578197,0.5750063359055356,0.8397267511543584,0.22066550131755416,0.6053910940683112,0.28331446106073466,0.31525640859577075,0.01,0.5668742069349633,0.29451828681140435,0.10112035924225943,0.6606733790350655,0.49178735837597976,0.7133266126709371,0.06859305957193673,0.3140517613924003,0.5215101318154861,0.09103417315712592,0.4310242452895102,0.22407417212912972,0.378885730509409,0.1962601005776664,0.4413595551174957
SYN-0328,0.0165191791387084,0.8440361781150651,0.5274490502854855,0.6559608614024205,0.45288394044135827,0.28885957372641347,0.6192798601085341,0.01,0.07362045805067227,0.2864350200624745,0.38247888827397136,0.4333409933948833,0.509358549732672,0.3045153086910262,0.5002207818084997,0.39951001064940983,0.17521792864589103,0.1697868118064415,0.7913970255730003,0.5444882181072619,0.537917647789538,0.5515151929972917,0.05489587786352676,0.7683977307124693,0.10306037377506891,0.7797848959694494,0.3235632095409792,0.4320845260774872,0.4397263604579026,0.5750803472409343,0.4249421795291447,0.28830463142295404,0.3130827331988715,0.4268350222210814,0.4044545370594802
SYN-0329,0.8250444095332682,0.99,0.7652253597453278,0.2439009560793386,0.4603898927145132,0.2537621536625871,0.9738560369860538,0.2958260046124887,0.7854211407267986,0.32146700533904404,0.1596923621754645,0.7481872123614524,0.6737076967592234,0.34131217305893663,0.739978957310559,0.6392944406657092,0.5441249362709524,0.41989069201112295,0.31776697702146306,0.5613613317389615,0.3734682071492116,0.45339559471369384,0.4710344254307935,0.6921621993372902,0.32056144248186547,0.5864551469681321,0.21239052297989386,0.759232602731982,0.01,0.5868032723920158,0.5986538480430041,0.33996842928903853,0.33280373922398543,0.10013168857842587,0.01
SYN-0330,0.19088778358737424,0.6136102580921108,0.37921194064933306,0.4606552662898117,0.36438509940333164,0.5946282228109796,0.3969044395985495,0.343637780255023,0.41702872643035643,0.20334005238023983,0.32424422658908175,0.7843857776626751,0.41295469219589054,0.25666688541681637,0.4230525430595641,0.4952004862855925,0.6701105332780859,0.5601159676297064,0.06175493115009756,0.3700056677693358,0.8221125877003311,0.1385434801469388,0.02870977412942817,0.7100172642246767,0.17164258246115385,0.31615136374402775,0.18130902271906005,0.6608530520010495,0.1984063676714303,0.43994782408394234,0.39454642360627995,0.5930009856511286,0.24745849667754685,0.4265150444958171,0.3641768589552069
SYN-0331,0.01,0.01,0.18742570325770339,0.19420050329034313,0.01,0.01,0.2579353547427824,0.01,0.01421098006250476,0.12662428335614911,0.08404378221179601,0.01,0.4053232624210286,0.4603912250841936,0.5295013246314663,0.25599272660597805,0.3679060297723482,0.5880681921153268,0.38903727416589123,0.4212206433650003,0.31097056880991847,0.27211795307507247,0.24440804622912018,0.3136202298416192,0.36803840842543134,0.6461507340515936,0.012175233274142327,0.4775781163876037,0.45427293140588243,0.3322411071125134,0.025809979961704144,0.05606569443251608,0.2488657888116999,0.342792391045346,0.3806714562632394
SYN-0332,0.011511716366960982,0.08028299550737666,0.5605531049405681,0.01,0.6923423798804254,0.3006204132086363,0.1518509485089924,0.4122982792176891,0.15516751020519434,0.18795671017334775,0.15945102054849442,0.49144284865836846,0.3879298113166749,0.45566274419977437,0.7302256246692352,0.49311189948105416,0.6791857986342322,0.3849544260114906,0.2572523253736815,0.2541773796726563,0.5458317992283159,0.275902183194515,0.08885702180514299,0.3633087654778643,0.06353561633182109,0.6311775499430395,0.41185658461427077,0.5553618973631088,0.3449166574852143,0.3120633547121049,0.99,0.29164592008214724,0.09397081014078526,0.05662099115632099,0.05329315001550883
SYN-0333,0.01,0.01,0.01,0.11488042291472844,0.06129716205009035,0.11968406536850526,0.2559330788130293,0.25162090808539583,0.09532676577939238,0.06366266172244199,0.1929984550459018,0.4066345004068034,0.5010216961972898,0.4397103934248883,0.27162370364376615,0.1024423021413321,0.5657470911367998,0.6152935896259468,0.5889060004998287,0.15612922367455348,0.5952866684292734,0.1491952815951695,0.5624635198499394,0.6492116052034659,0.2534143243172462,0.6651381165976125,0.3525125600312363,0.2706987756582377,0.4596026282850161,0.21806680761477945,0.07205506009340693,0.15320858363663264,0.5161563318841045,0.08396394067690427,0.12448303422985177
SYN-0334,0.01,0.01,0.34172037776626857,0.531710133657574,0.10240941848702732,0.04061609840382517,0.23423023265844933,0.23660751209522562,0.01,0.15162077325091486,0.1024879901380101,0.19766406431098446,0.4670066564090818,0.5006608329226783,0.6801049309243351,0.040985234281005256,0.6121113731311709,0.5734739771440852,0.4179432172475589,0.01,0.15100747527196343,0.04414403601063033,0.4228197175431254,0.9837277857992399,0.03738156023461542,0.782149602796681,0.18730910959128105,0.33879455840184647,0.4366332496314542,0.4188934911710181,0.2606988920881297,0.20829039934136537,0.01,0.01,0.22343000884471953
SYN-0335,0.01,0.01,0.6060022289340364,0.07775989368967692,0.3107640383503463,0.4433248595906654,0.25094077258867376,0.2391895548426246,0.01,0.2535247629037427,0.15628272936344362,0.07956014387862853,0.3548993551785864,0.5741800411782348,0.6946426354842818,0.2900322049277443,0.4641754119210601,0.6332962501310416,0.4918543361206325,0.37993062604084643,0.25199925658174416,0.10238268678407722,0.5874141915465312,0.5669392386874356,0.16679362193181388,0.2668963829426338,0.40277119436052694,0.7567044601099808,0.2206739677695151,0.5954797826304947,0.5163968840892978,0.23929309235977253,0.3089490561325502,0.1360380387321605,0.1379354578537103
SYN-0336,0.01,0.01,0.4132563133485148,0.036478159356940064,0.12048707953852685,0.06328858634561943,0.07834883254227853,0.2769811193511177,0.04683775669381123,0.01,0.41282925018950534,0.24659514556958967,0.39110454154502144,0.7283641292433909,0.5228103356336626,0.43782884852982973,0.6096237113571005,0.7472497131942782,0.4590166330869637,0.286690293827073,0.2389120324413887,0.05503738122501359,0.3291851174124324,0.3145046478919439,0.2345613617174351,0.4449067999995675,0.2916398724186828,0.2177719353181571,0.2883741962756508,0.01,0.2125867623734157,0.3167753197027408,0.30326672547956296,0.17758154261964051,0.09763752446587248
SYN-0337,0.75930670635347,0.9539933124983254,0.5934956395676934,0.44263641339511545,0.01,0.22623383979335146,0.3104755519973089,0.5630327024586422,0.7916011168131386,0.06735398590176747,0.8236914403248965,0.5493479232535501,0.585706113178721,0.27824551383011625,0.6351480714824699,0.6047113901672367,0.5981142982084734,0.6000752138973192,0.2787163745029366,0.517668224713044,0.6779534296607513,0.22423198798774827,0.401485303771587,0.5591858820391833,0.2124980271096061,0.41195912062736245,0.12203856580175286,0.6249409500864848,0.3465786824707865,0.4815391409846567,0.25160476272745813,0.014603624364372403,0.6271274806658924,0.3632958878146304,0.347458019854579
SYN-0338,0.01,0.01,0.09367305883949249,0.06740119003460149,0.01,0.01,0.07920444544397012,0.01,0.22093598040307225,0.47631035809374367,0.19253502839239364,0.21159235299231088,0.6120802335446078,0.29830685639411764,0.7756156718194556,0.15379569757869288,0.5917956269754989,0.6268097119115383,0.4882809514027706,0.30586591621846926,0.5930498459403788,0.3439999895292891,0.36525841312649715,0.5101932703428632,0.1281021672362638,0.5729178228275826,0.28761479403728696,0.3775325889828065,0.28840270383044664,0.30998407731097344,0.01,0.47509139142724055,0.40072237947841904,0.01,0.17046067658662484
SYN-0339,0.8231949409330312,0.99,0.33527241839756283,0.5037777473251566,0.23711301868033013,0.4242130602825686,0.595604035680352,0.6702247307360931,0.622926310370479,0.2659428035635435,0.5351878992184769,0.5119760246994041,0.4708278090120383,0.3479430442031548,0.7534087802337323,0.8166590007915673,0.525019133544076,0.6229192911750632,0.44755172515017994,0.853798241801274,0.2731277503417114,0.5799438966232364,0.6729268866192959,0.4093937122748171,0.10861787038781648,0.7058632659875503,0.01,0.5666358258711737,0.47519170766998964,0.11240704709590554,0.7558407375188276,0.4305042854206514,0.31165863505056357,0.01,0.20966783424460628
SYN-0340,0.01,0.09621784482832513,0.3032210034191797,0.27409001681419465,0.16945425664878952,0.2507484398690786,0.20488183196333765,0.01,0.01,0.01,0.4031718042713526,0.3310437520473907,0.4621148774958343,0.5879797148560558,0.5343551227513701,0.6587543109109226,0.7848475705991356,0.4161908492658229,0.3654746964078996,0.272919843797668,0.7019147222766839,0.26099618714269734,0.32530001414288134,0.6591098424372216,0.24232672260123805,0.3614606587013628,0.144111205251948,0.2687336874626722,0.600742194565876,0.2974336681303051,0.5445847289172752,0.2832172890722641,0.4054641747619493,0.2812891830351181,0.010398691445599156
SYN-0341,0.01,0.01,0.26829730242626665,0.3784670797946439,0.17526312952189296,0.01,0.01,0.05453258623023134,0.01,0.03671873925047561,0.09804643625127364,0.1024584388267745,0.30851913254722674,0.5911602195367518,0.5461138143168488,0.5608666879648414,0.57975963893203,0.5091211558818681,0.28852052786383553,0.4422750651948024,0.12955723606137126,0.11908707428365135,0.3584151349380597,0.523345273037279,0.4058225285243202,0.6815163579076866,0.36509971370540695,0.4376630403322542,0.5479354414236492,0.20369384974936086,0.22915915100426842,0.39874620859682786,0.48627315934383497,0.37169379242987743,0.27487558264439826
SYN-0342,0.020457903938099348,0.6101911712687513,0.4860170734464065,0.5733813254498559,0.41693921666422634,0.7085371188081353,0.23898999511688235,0.2123337250727841,0.0608020917755529,0.48741201754669194,0.41769860751589016,0.6328186099344079,0.6237258328749107,0.25829001526020334,0.6097873396736382,0.6959842260438721,0.8471584561785314,0.26743164932464014,0.5669662900618595,0.34441682392834483,0.36919713546658656,0.17192929273816437,0.37194481329182855,0.6554868637753126,0.46839833811753606,0.39175074839318835,0.5223215739577063,0.487436632285719,0.4876805049444115,0.4408914616292702,0.8337549608778696,0.44996148025195803,0.42484142797005126,0.26050893159955496,0.25546004334825817
SYN-0343,0.7766776553564629,0.9742340955890672,0.43507460286147304,0.5559366410113392,0.25699096863436727,0.2656232199464216,0.6803566347965255,0.6413885506692908,0.6717676920678385,0.524316110546989,0.4023301395105124,0.5030662252314835,0.4917999189924571,0.3290987750640124,0.390630857988966,0.6916377639613263,0.650643105625831,0.5821488932049107,0.3427192540404656,0.29628024132727737,0.29955587874166245,0.5281815679360765,0.6777610410001738,0.6233288769122088,0.01,0.8575386196976078,0.34500392440006106,0.7766854942854101,0.6809884457462299,0.6715579811724108,0.7854142586522038,0.2828521878474971,0.3644242035481607,0.29021662905143397,0.4091680638944719
SYN-0344,0.01,0.01,0.01,0.12131178969232634,0.050417817695743,0.01,0.38834414215181223,0.01,0.12196281451799872,0.01,0.4012782872108793,0.23789779804005334,0.5789276568864357,0.1554910213285866,0.26085872318699843,0.2051192905420935,0.17048577100083495,0.44542710447006045,0.43549105360783197,0.11688626612312153,0.19282064247624173,0.3191943156984614,0.7301060507955105,0.6349035767010972,0.41757773024782574,0.1403367818373849,0.6204252564507267,0.5991581727450558,0.15280155906303935,0.3507063225273026,0.07502720717589151,0.23305639619694735,0.16422481094575633,0.30009648464998784,0.33865698260858473
SYN-0345,0.9085620001876634,0.99,0.6820836666895033,0.6044580519279753,0.25728820199025676,0.22209575384938054,0.6116215772341016,0.6956415126394123,0.7589997481389592,0.16551478329007485,0.5853909345510893,0.483164382715701,0.642923197414898,0.40022815722027627,0.7924733350171488,0.7693343829082866,0.553102891569883,0.21438305329381796,0.629678238554103,0.7927594296832592,0.4628565724473046,0.3938784447976166,0.3055729934994686,0.5825640555323323,0.09591638778815684,0.4429817413074021,0.26293627147100146,0.31237291190670013,0.33307924090311347,0.20125276468788003,0.37202486391256717,0.31263131652717846,0.3087712669261635,0.3774571391019387,0.3561348012101541
SYN-0346,0.039856714932370266,0.11601631774672237,0.48399377197918275,0.023884521160059735,0.31675958680971295,0.48725323583638497,0.01,0.06713662848880436,0.060178267327875096,0.08147148432651918,0.5160740990458939,0.4906989344332627,0.5101571188795508,0.16369912361644912,0.3975089525525437,0.3349114946465877,0.7666441965623201,0.34345154097274944,0.567803906526292,0.3356289819985177,0.4660226166182879,0.20304321853685145,0.3703485329680017,0.6061729417307702,0.319881577593924,0.5553361089362934,0.01,0.4578094348328243,0.09774784903233358,0.4722298914779261,0.48688529544874753,0.3584893011635969,0.04471677310958719,0.09863478446521246,0.195032588046843
SYN-0347,0.01,0.17020161864710093,0.2573367119489216,0.01,0.23695297029768872,0.19988118616375206,0.05658203135210048,0.21658906457195848,0.24354520281260084,0.3572064251366476,0.17546600781280872,0.32450256022243784,0.5297398253505877,0.18416965512217243,0.5532053285285585,0.26728840713353097,0.5761719933748353,0.5135116045096924,0.3764272871118002,0.17787625256892786,0.32990569311452383,0.370045645416845,0.5817873259574943,0.46663156653965776,0.01,0.8414608988048804,0.4325441113012705,0.1934929933804759,0.09736687238210981,0.20152305688218042,0.5549105907906108,0.01,0.15069041924914175,0.24997177553180766,0.054099103410513966
SYN-0348,0.6935746745142787,0.99,0.6560594293694412,0.3605479514349853,0.4726660768779795,0.5774788940504886,0.5884644679071066,0.578707608500011,0.6498019004527729,0.2998930992455944,0.15709062173172045,0.5454995426812536,0.5898572114065778,0.3989509241720135,0.27712500337105994,0.5947065553538611,0.5446200490224804,0.4777411266783606,0.5255745603229154,0.8327067878005749,0.3650090085847911,0.4785510038435783,0.3913319925876026,0.5285562106056727,0.3460969066208918,0.538586630916337,0.13568810520389105,0.6042443910782558,0.36712340778223024,0.5297260544433114,0.6823834091488544,0.39551032078584336,0.32218611326887764,0.23227703700124785,0.1226390027072865
SYN-0349,0.01,0.01,0.01,0.012160517424324911,0.06576483424167964,0.01,0.30466503352420016,0.2531288832312367,0.01,0.15860130927482077,0.01,0.21368851765412147,0.35454002554020125,0.5027462319214233,0.607445118456915,0.1636163244853837,0.5315940995981082,0.39595537800725594,0.2808756447319225,0.01,0.4393327788017765,0.2435656769063229,0.3718875978072568,0.3312381832027781,0.3105079739236502,0.6628757057812269,0.3548101765354325,0.01,0.22319186056833623,0.126588845285325,0.01,0.2902718936438688,0.6893499423149589,0.1585060326619274,0.3944928933960956
SYN-0350,0.01,0.01,0.01,0.13754497412262562,0.1208759188512537,0.12359283962350937,0.016836794017213094,0.1510838095868248,0.01,0.24192755403970218,0.1718439976673416,0.3018671865197894,0.21585128528787234,0.438905002401056,0.49783974833177624,0.1826554552742634,0.46802146788189625,0.10694824518702123,0.21290392238406136,0.5563480765010829,0.33156628972394264,0.01,0.3159012452936267,0.699345932171245,0.17493682797077034,0.6623641812700027,0.01,0.35952049341278874,0.4968522418250734,0.2307600590402658,0.35665987297395785,0.4286273909924846,0.22069525108217664,0.3891849220122679,0.5094295523656011
SYN-0351,0.21610327659995862,0.5889155717965623,0.27415318365080554,0.3134637926114391,0.26544275880659934,0.5488153383575226,0.4237274109404656,0.21936233907113434,0.157786698679374,0.01,0.36098891404024724,0.23163381959350354,0.6102926474058351,0.19977149435779185,0.48846206565912126,0.8610273665409671,0.7290546499661237,0.5576700357188772,0.4544863118404923,0.4754050315734927,0.8667530387215119,0.09254580451496403,0.2585553931763797,0.342174520507918,0.5141229228621056,0.6086993024247853,0.33518111207072876,0.35819139729777744,0.20894981056958448,0.3499691868912224,0.24028534044450295,0.18862386212896398,0.23955299074714587,0.28910779783853346,0.34355713499501267
SYN-0352,0.01,0.01,0.01,0.01,0.28188852874663584,0.10457126344005324,0.15257086522611174,0.08306915569675727,0.01,0.18366680708779692,0.01,0.7654410768987245,0.4512685514276652,0.5782580001838455,0.8135753168393872,0.2963640292627204,0.4574082407454737,0.5494264424544644,0.21547524198794032,0.15318613351599347,0.347718199481869,0.051870388060888506,0.4830276630002567,0.3802112794121941,0.26375829651401295,0.2439069051727858,0.2916788339658555,0.4181143680673571,0.21603990000747597,0.019647175167335107,0.6215994695029652,0.5899345772395903,0.5216330309640802,0.041321348412791226,0.2839159100944233
SYN-0353,0.01,0.048782173504622744,0.01,0.16514262363523005,0.01,0.01,0.01,0.201636622086509,0.01,0.13578219546836556,0.24310964445214372,0.0481263117413549,0.4809612513588777,0.5473352519745617,0.3849280568861735,0.3809477283734458,0.5258154036347887,0.6312278591667407,0.5841684850348248,0.32503926050285536,0.2372099634536014,0.34040103761546436,0.3750188811927784,0.5831783328383772,0.01,0.559734637060193,0.4996622711197831,0.3164196790633781,0.01,0.3315889458049656,0.5700430108694075,0.19042865391770708,0.31302637974398895,0.2988726654813892,0.17792057651922932
SYN-0354,0.097126994401456,0.01,0.02838445095127158,0.13663685909019246,0.06752583229587762,0.2143731051870577,0.032301589027480634,0.253130185108717,0.21238715673171993,0.5087840310376573,0.3021783651836618,0.3296403618354717,0.4898804622144614,0.5830376328654909,0.4056151450844885,0.5005238670773425,0.6171444376272005,0.2876301166202387,0.7609993513948279,0.014358229184000565,0.2583764646354064,0.50421784688724,0.36728180183544135,0.6776690659218572,0.22387488602854752,0.5780649586954303,0.09490772157582458,0.5683647343552468,0.1202551073698721,0.018959109850531564,0.3071109739394798,0.3421750853991239,0.2522682985146803,0.359562702674205,0.32021276085251793
SYN-0355,0.7264862330431472,0.7602818622604786,0.3413553805310833,0.5284421048281626,0.38301783908370846,0.1859851155070743,0.7313314142675382,0.7151389994496651,0.579229101374802,0.059592113365964344,0.5026122111563036,0.47030085497557356,0.6110736091953091,0.33044263046357375,0.41738988963102364,0.8412890689204209,0.36741143958766037,0.12790275837226722,0.1705465777653391,0.6816833678821544,0.2136985343131024,0.509810406306538,0.49472715401582873,0.6193083426289797,0.2642545989533151,0.4960531934681734,0.06883149708856834,0.5444821927333762,0.22906999433394287,0.22341731362567924,0.6470382588893464,0.42539288312632667,0.2562996652968145,0.28637385213716904,0.13670447342487121
SYN-0356,0.01,0.01,0.2723457463738575,0.1240759468937632,0.01,0.14996954667722162,0.028204401815979246,0.11040649250636406,0.01,0.2830841615411086,0.18973888867128147,0.40352561158931555,0.5408033834350576,0.5554774899295879,0.46888491035664215,0.2928706599430124,0.44814941439776157,0.6155088178698312,0.27997677792811476,0.11236887527020195,0.2170923605876992,0.12436799983336043,0.25259769530711285,0.4897815156367123,0.326392851759287,0.37053677249024053,0.5079917903412292,0.23918039921995532,0.13265269243864036,0.5614052334598812,0.4122710168223215,0.5257786776822869,0.25455780736887496,0.01,0.18662774434399096
SYN-0357,0.01,0.01,0.02196595546514693,0.40309947738609736,0.2368051360996526,0.2888407150587976,0.12475233723626572,0.1870718282133327,0.24379730169663205,0.29980454167839,0.2011523916420338,0.5394371535474716,0.4871743934209397,0.5498906868689724,0.3689338691779787,0.5371889952536428,0.8147979758700648,0.14406882054265513,0.705241658179064,0.16510188367225273,0.3382530346171889,0.09531904309884451,0.4054913979011719,0.3770889170930558,0.32191525047292024,0.6985289840544704,0.3074371255862494,0.19010603454246877,0.23990296633399233,0.4749038405613938,0.42902937717034484,0.3950458436810712,0.4598826912228733,0.36885294970126936,0.22073625940281927
SYN-0358,0.032479002249034786,0.2479484160036059,0.39164694535666333,0.27188933620758127,0.24261197193173586,0.5155746143392507,0.5005819883137026,0.44143023137049564,0.1864204586826418,0.24574787103134613,0.1447918770932462,0.6718389503924257,0.44697194319839034,0.32377919284987067,0.7742803564270012,0.5104678368288529,0.5984720415418451,0.4058997806666372,0.30938320944548026,0.20394705888662973,0.5210567611708222,0.07001324723085026,0.1708076528887919,0.5320342021488437,0.02871558848896749,0.8614416014723729,0.25906634833096354,0.5648948011761619,0.42567465882276967,0.11796211702796627,0.4875709845523802,0.38598115804639743,0.49010432950062865,0.01,0.01
SYN-0359,0.11538537560188701,0.4627508158317178,0.46990887110311896,0.24798287642421563,0.321195003688669,0.2726248035927225,0.25728986416046834,0.01,0.23350370138597776,0.26070612226907064,0.6056474937056096,0.3565964297828494,0.6172236042242553,0.5763962568931328,0.6349687588653111,0.9250852485112088,0.5782408572003893,0.38577575004604914,0.18309251956417097,0.6715393290227517,0.7125350656144512,0.32304588689471564,0.3026780294096412,0.7284904811476514,0.2726159324380473,0.6332158532519483,0.03992942629093016,0.6828713459077784,0.4101374735559694,0.6137336172475112,0.6927465492014704,0.2898927501584473,0.3150996999983926,0.18352738976760555,0.36718928254477046
SYN-0360,0.01,0.01,0.01,0.14077897636909645,0.0874653930754478,0.01,0.01,0.01,0.01,0.21910710566563935,0.4882663807030766,0.45522288533118305,0.5605109126842099,0.3676000809972195,0.3863510979636823,0.4300254374402911,0.7770927458935938,0.6738068590056985,0.4577696415156264,0.26622200534382195,0.1943399860210127,0.01,0.4112830087975645,0.6381302545857233,0.3319856680222336,0.3071689034823676,0.5586345638546718,0.3153328879795641,0.39704018450823764,0.10720381403490631,0.3116043038081888,0.11385860952767515,0.5582635400310368,0.13989725496775923,0.6604324814725326
SYN-0361,0.01,0.01,0.08479398594192743,0.01,0.01,0.11917436496867471,0.20243118779264177,0.19572133845273182,0.01,0.14937533980652598,0.6542557181223291,0.5305910438841838,0.27834985938329937,0.35744706889793504,0.38052053523376195,0.4947456987718658,0.9052966955264127,0.6874299556949806,0.3864962172747058,0.12479751851002399,0.7537598028072272,0.27421038409261966,0.45336264965790946,0.440332357022041,0.46640597172012543,0.606426685638038,0.20982163825633304,0.4241100885835607,0.3935247219630522,0.07760797625873969,0.08962287544755762,0.270590187191915,0.31369836830639425,0.08131062858826804,0.30311250872770884
SYN-0362,0.01,0.1297798366379778,0.7271358699045445,0.4557875848451213,0.2007274814281841,0.5340073808193456,0.15040834465000957,0.01,0.01,0.32809364073297614,0.34526956053494295,0.462522356465276,0.4114854685400585,0.6321992442362497,0.5407167435851402,0.04741375448510882,0.5674135625200087,0.298520736727381,0.7218426062994852,0.32791224830530186,0.5000172385735212,0.26323448912664216,0.5427100892933876,0.6954559105294891,0.6131592825415504,0.6033284608323058,0.01,0.5047715754011727,0.42404834309816064,0.33224966236917264,0.6813085191336057,0.12932288975655593,0.20456318044769656,0.01,0.01
SYN-0363,0.01,0.01,0.039345138534340934,0.15017134372793212,0.14812698751580197,0.1584624483292848,0.01,0.01,0.13300984229877807,0.18787656926081336,0.10203890801530596,0.01,0.1974814918891123,0.4574497681133744,0.7829037825674959,0.2907060923511584,0.5241981636533468,0.5030269145939287,0.5610397971243216,0.22877303521330306,0.6959305836734782,0.3595739025509247,0.4656371759367039,0.49767831375944055,0.41022594127699596,0.5540906951556691,0.01,0.3036294117740481,0.2474522642531346,0.17190084714355713,0.4041878795661889,0.13535055085683645,0.04828569946257555,0.5543173943150065,0.11671552585728479
SYN-0364,0.05263322451456591,0.01,0.32454200357343505,0.48615409417299105,0.37177105644396,0.26699518122110455,0.01,0.33101373460891426,0.18208279538019273,0.13189979816733977,0.1497636587589519,0.09966061644570118,0.7201454864156096,0.3662248309741667,0.5306529945783733,0.3253866264940567,0.4283707425546438,0.22016122409039926,0.4015333095803341,0.19736075680330317,0.4654168120997815,0.03496658988807491,0.39508581912691576,0.6953302928431111,0.4830448704420097,0.4684646471680595,0.28036052200954426,0.290205565401153,0.5323938240341477,0.13595520506291886,0.31595671893870175,0.35332932365425646,0.3845986001913194,0.13025267781103322,0.4015646070363409
SYN-0365,0.1108084512681704,0.025631384912670918,0.48782143509542913,0.13200943294556677,0.30757462575998684,0.01,0.11771430569111443,0.20283418616830376,0.2202451229550212,0.22348285230832235,0.36453570011730696,0.27860617280010047,0.4070092307098008,0.3858856504643979,0.527484101422756,0.5709415117852331,0.8855931171580437,0.20759586844307276,0.38253231366750995,0.01,0.6101315385172325,0.2570012427114021,0.20716000073500093,0.589213789344006,0.21583814038120047,0.5060897256573081,0.0809002198306917,0.4274268930956081,0.1663046130669676,0.25798233171390306,0.4751839880626069,0.01,0.37413633695632476,0.2597703719228595,0.4627015718185191
SYN-0366,0.01,0.08148834363428983,0.4041396268991212,0.4540724587901993,0.2980194509861715,0.35666286545072723,0.1837477338909406,0.15567570916326254,0.01,0.3151495201229008,0.2101340391225023,0.4701045185541794,0.5229284069299618,0.20824437548485675,0.3693849735795688,0.36784366282387476,0.40128567912080115,0.6187188035391805,0.4989282878228074,0.28320631573419774,0.336499927593749,0.17849378740974658,0.6077112904388416,0.5755979526022922,0.4144524105482874,0.8409468237937348,0.1422972537393895,0.564084433096882,0.37673256735558297,0.29051997421059617,0.4507163513890659,0.4830290697026978,0.26378680612775796,0.34342183057605213,0.2646335339359875
SYN-0367,0.179619050406525,0.821315405716972,0.5872547520013863,0.370005488031901,0.4724588468546579,0.5966929477492824,0.0638627079145031,0.01,0.39320635370631357,0.36122922140367386,0.3417034199816454,0.27436963509711354,0.8168903774214066,0.23043767755075914,0.38403558238320745,0.49622068655134244,0.5365820984534166,0.5246510262987072,0.3412228403485483,0.25705793172626223,0.572767763719899,0.21688794384678667,0.290765503544767,0.5955601953232655,0.2660852701390826,0.635844318135106,0.33413630964338725,0.99,0.1553174249590998,0.2651774089928255,0.6916108670648322,0.4169641453190858,0.042547743597693866,0.10606396484190027,0.2822854456708077
SYN-0368,0.01,0.01,0.01,0.3106265400644674,0.44572197322937435,0.2838602537719501,0.3074164883864894,0.35897002208742035,0.01,0.08122084522013842,0.2161531998652179,0.7839309378474557,0.4512781973277154,0.5286412852009376,0.6021212643799743,0.16219100731264433,0.3855274003509417,0.5192571954886378,0.46185405679219604,0.4244510912392073,0.3485880474332052,0.4571264053967123,0.37371831549689727,0.5618358257458287,0.49418106035559917,0.694312709265856,0.12829507931002446,0.3439343602212501,0.08467762572310975,0.24941805747900228,0.3834489796524036,0.4264818155788158,0.3674564195747211,0.09413425420234789,0.14711630018609212
SYN-0369,0.07904490063106993,0.01,0.13606643661232043,0.14488218555350513,0.059313097242620405,0.03175649201305425,0.08785768246353448,0.14262708573217303,0.01,0.09370743495614654,0.2881017587479421,0.5215303483169818,0.44270629297235115,0.4186737608496388,0.4576752953220478,0.2227895115742573,0.8143592968538462,0.4546212764649088,0.4682148288743691,0.19117267989043968,0.4181562573721408,0.093141696106213,0.12855624880474031,0.4976737848972048,0.1860925758256661,0.7101310685767734,0.11759072263545833,0.3499782569746252,0.5322435027903171,0.17533643752823713,0.1360556453630797,0.22752522201545336,0.06003664530523878,0.01,0.03347118446295638
SYN-0370,0.14265567927190342,0.11859029680713241,0.31414880626875197,0.2815562941452471,0.03619028459424933,0.18387504331026877,0.48017024575449924,0.026195511807772853,0.08845496049482632,0.12827156999894956,0.2929601708429045,0.4800896082453622,0.5033068029952056,0.31851767455305463,0.5216931843319752,0.4324797053638595,0.4499592045915564,0.6282619711741111,0.7054408566089981,0.6193783316898671,0.25391424032420545,0.23937794132332715,0.4300847112935665,0.7904847240792023,0.3117053898146581,0.2793513843375314,0.13233739460749683,0.4225750237547752,0.609168054265309,0.3770996522692243,0.606305074524734,0.26295035903786446,0.1409719108132583,0.22761877050740634,0.17657845498520192
SYN-0371,0.01,0.01,0.01579645788830747,0.3431782865984724,0.10360146863176288,0.1328060658329868,0.01,0.1992100651525745,0.01,0.01,0.21099045108917241,0.2990670969194019,0.5562855146868304,0.7027636439840936,0.11342390072618475,0.2576012731663187,0.37264553098726744,0.5418703473459889,0.34808396250260987,0.09461684512107041,0.32233671383093354,0.21637706270471532,0.7292169030681589,0.619389805661546,0.49317966488546494,0.48340195567731736,0.16383615149323,0.5116899933577457,0.3607971350230807,0.01,0.5985230631396117,0.2631801789181444,0.4081084910579946,0.3241708294248397,0.36631006840748137
SYN-0372,0.01,0.01,0.1007637609762419,0.31130456457390254,0.1710721138069007,0.01,0.2682042940703496,0.1777378552082956,0.01,0.04113656325800921,0.06324246429272068,0.15258411831872393,0.25156918242989346,0.4773647746885349,0.564714142790343,0.3901548454598869,0.6274710656849831,0.3969098037018506,0.4507956274880724,0.154406905959072,0.5194499715188345,0.17068354218722392,0.4364732353027325,0.5124803480105949,0.182826776201521,0.4606242175964105,0.41271751085898445,0.5560925769994397,0.477129729761113,0.22667475268218282,0.2528894552509068,0.19037755943161844,0.3665193947282016,0.38155788625564185,0.10320569927706488
SYN-0373,0.39943178647211575,0.8805887759538061,0.41970087148325025,0.6452243781631971,0.3907819292914403,0.27303563228847516,0.10062208422997995,0.029113197444162353,0.4388368964765686,0.36282352597403317,0.4664301250376501,0.46607253925780046,0.5844209635405901,0.21015739555388796,0.48155752393851864,0.5885942808281541,0.19784750713147742,0.40005408203920034,0.5353060536094328,0.4456918624240586,0.6489226106114716,0.16035679016650195,0.3984825517048015,0.4740695941075442,0.0878324170302256,0.5026055007514251,0.5442714889771632,0.37912401467292156,0.3504161906110411,0.4378555602472189,0.5328862945271269,0.22720651946326065,0.22889608815036877,0.23142819837546563,0.030810652826316315
SYN-0374,0.01,0.01,0.01,0.17174390861861827,0.12097639316251244,0.01,0.5904091406404959,0.10535652004585616,0.21136829334936352,0.01,0.47429680070511837,0.09898257084659863,0.5577341002842942,0.4734885263429228,0.5169043947595866,0.4505342944077565,0.5082042627852273,0.4453337731974941,0.33125156874325656,0.30254310718589683,0.5810270081516122,0.5613341788460521,0.6016759733438571,0.7349388958672942,0.16836334950077408,0.659496599568858,0.02139612577616623,0.29048221249578454,0.22957973183828134,0.1518149918784926,0.01,0.01,0.14302439278060328,0.01,0.12845948094883802
SYN-0375,0.01,0.04526246979091267,0.01,0.10040223115612527,0.20749339631597902,0.01,0.3236727070238906,0.16574076534256907,0.01,0.2916427822949119,0.22166926656395475,0.30025247301470803,0.6361323601624879,0.6872743148924739,0.43383085934469134,0.2612704372598814,0.38111526727296596,0.4328249075061953,0.01,0.029557497137987443,0.4017257353738485,0.01,0.4569499407530384,0.5484950565877326,0.24650617532409938,0.6940649877141755,0.20812277221960565,0.03074423329529241,0.07736691096548609,0.2602134879264498,0.30095200517822696,0.3090484599133836,0.37602077979530896,0.06293878489273858,0.24564629892110815
SYN-0376,0.09470199710567989,0.01,0.01,0.10920254246516581,0.22648070106391074,0.01,0.22674387086091036,0.01,0.01,0.01,0.24440165989550322,0.32896936903552565,0.4216848491831544,0.4728278677180012,0.3634298517381722,0.0934425254079439,0.4731316289447125,0.6688720866053106,0.3410422022408787,0.11140952398081067,0.14612631265233483,0.07509956169123438,0.629654042065867,0.4470060637577247,0.3074875422368195,0.38059190783578684,0.20825885264978872,0.16440904795906677,0.2999315441599825,0.43247859394911825,0.12578491274443626,0.10225369342989382,0.37003246837781445,0.15151634487314403,0.17751554669588404
SYN-0377,0.08198284179245845,0.24326533996506067,0.5547191087490314,0.4519958154696878,0.5878798032989982,0.22375148584636229,0.19040395231747603,0.12878545829768084,0.38533077228662566,0.17403438726254655,0.3062158996307157,0.3935041432142905,0.5267536906390262,0.5396723117864954,0.8206347878227236,0.38171383487883503,0.707593164623191,0.5473610432324842,0.35992348013448516,0.2363630939836171,0.6005724928668974,0.07556844670286636,0.3326549273779058,0.5565869003221564,0.29983050418080043,0.40162719591594975,0.01,0.6669087788661971,0.40970531556497225,0.2094815111677171,0.5322172515547285,0.01,0.20222075660274727,0.39639984842626946,0.2508738365248808
SYN-0378,0.9784882125940633,0.99,0.6256652518751059,0.5666730045174889,0.5280960838336691,0.5037120318646584,0.7124154890566416,0.6138631399854158,0.7588233624027204,0.310468041091285,0.3877103891738626,0.99,0.7452157993139569,0.33951447835983145,0.6013504067503829,0.8755327429437432,0.3069655802304478,0.24025934831878176,0.2389119111911866,0.3487181359759706,0.42531189352106824,0.3808672498932295,0.47685033851704006,0.31471775010232633,0.3598074131697506,0.57087623568274,0.20674841443246741,0.8127823639527523,0.3875993804691486,0.2919698567822141,0.5438798879211505,0.28346962496233424,0.3524153923269722,0.31026472331063615,0.10326683154513155
SYN-0379,0.99,0.99,0.7247847656152208,0.45516109705471736,0.3698522324393659,0.47596781166462876,0.9342566086754487,0.3862724592193937,0.6069556459829428,0.39071478199355814,0.5228080478754743,0.5380696336359421,0.5499055685531022,0.4448864991459906,0.4201981094675352,0.755655421071776,0.12875634538866826,0.14349609066644697,0.22356302840492231,0.43576998887977614,0.10593691748090284,0.4240648387148141,0.40305673683891774,0.8675779232201648,0.3850981649158407,0.47190613201862636,0.38227121674005093,0.5771337164704985,0.4766105918205796,0.34992751482089884,0.8376435384981856,0.2039258183335711,0.26224552665008427,0.01,0.24422021708705235
SYN-0380,0.12689130759324768,0.2971071129796903,0.5323793627397003,0.5762875402775475,0.7529936092861664,0.6200782666617636,0.23470557925320215,0.21368506579068736,0.3152265512962162,0.19106148597973516,0.3753689035891551,0.46220123782339767,0.5182070642604717,0.5360909481431282,0.5495403072879367,0.5532234888319084,0.5127898274753842,0.4171515857698362,0.19727345122415232,0.3919351946267669,0.6481826626144579,0.5230145707316254,0.15214407445959563,0.545722867201824,0.28675407129304054,0.7141142372163871,0.35915030203600984,0.7604977914843645,0.07906952970860703,0.4540601617722997,0.3442637585476892,0.19728030845562128,0.1371245151790981,0.3332219820909863,0.19891747817414387
SYN-0381,0.01,0.01,0.01,0.13156022736957568,0.4116683012677612,0.3935088320273046,0.01,0.13762552277779308,0.01,0.38960785618805355,0.09248590180354968,0.18802041134706388,0.43027408277377927,0.7432199236859366,0.7354781873396655,0.3864331157965174,0.5091196968412076,0.34411015581324556,0.34687639676893867,0.4081470355886662,0.33855019956584753,0.01,0.48326442047172663,0.5947586877946742,0.4662938150549545,0.35101403322933616,0.32595295279344993,0.21531259192983132,0.16446063706829508,0.21996797045695402,0.3491823205131559,0.3589792411885719,0.3983007197351174,0.3790674475210816,0.01
SYN-0382,0.8176982387203573,0.99,0.4130820744758035,0.39328376757194455,0.32681779475343786,0.44343988449497906,0.6814232743570724,0.7204597559529475,0.38111284806682827,0.05647221770790284,0.13068499006227136,0.6157070429491307,0.41896533762292865,0.6302086285765367,0.4800329264488032,0.9342304899613045,0.6542653727566778,0.6793458652814311,0.33881298796496573,0.5364628722898117,0.10984220279783935,0.6088632287122248,0.6238534809994685,0.4509031322205216,0.21583806473043765,0.5891718461409101,0.19994228353850682,0.45762850513830067,0.2399330693121909,0.3319284574094323,0.7121485623469805,0.25129601401494833,0.18271531368259103,0.2303955051207629,0.24535437395027115
SYN-0383,0.01,0.1837196487459421,0.3363647728053055,0.43586754225779173,0.2563073557756519,0.07835225040239024,0.18008737376654108,0.0796810298841904,0.20145345840556433,0.18482101127022663,0.2260840006112056,0.7952066990643886,0.6832718436277525,0.5264506231704571,0.3850991724519469,0.28075714545124464,0.6740519617087288,0.553732823725666,0.41714038524719194,0.013107784061404143,0.43116914050727323,0.1945330896538725,0.38421123948973196,0.3549819236691617,0.023818131296393846,0.3079091915218962,0.23143343659765553,0.7152168743138017,0.5766057301761593,0.3063828750324347,0.8014804955302708,0.34027834022600906,0.46286827998899466,0.333659268921354,0.498239486034731
SYN-0384,0.99,0.99,0.39965457327609505,0.5556073004193597,0.5900733779721614,0.8332196304424277,0.8248503709993763,0.698715617508432,0.7448305604724833,0.34997387405725144,0.5859856181861431,0.5752486722219771,0.8932284471852099,0.3643727209736998,0.6791682445132995,0.8162657044685921,0.5641870895834669,0.04872127521283398,0.27228173127040134,0.7474015666410846,0.45689073137740527,0.39549192943507955,0.5671008408320762,0.6535082449545787,0.16788997849832749,0.23974019711286393,0.15616931879008775,0.8044475237331463,0.43226395978085425,0.28455721400488854,0.24578682140082736,0.44762080346516925,0.031913839207355243,0.22422640796814494,0.07999939946122722
SYN-0385,0.01,0.026159262884186407,0.18908978124440207,0.2542907752845498,0.3940360816757165,0.4947209690185085,0.23611939652121805,0.01,0.04695107628586668,0.19679639212860653,0.17879289485682162,0.5330436452086148,0.36222311129676543,0.3200210212524764,0.5846746622071081,0.293966890502032,0.5579974555626005,0.5440674234877859,0.5160342575911291,0.31382774340614783,0.579446394869811,0.06656592509686807,0.19488022485251033,0.826882482237991,0.17062534652613098,0.45856526853725665,0.3262984285933823,0.5636654578446308,0.19873175928262793,0.12653625200532245,0.4957937939620292,0.3695468346229542,0.2748980450002703,0.2531050695927043,0.23107115444443402
SYN-0386,0.1429224483793012,0.4764402117453459,0.026614801885817163,0.4492508514941207,0.11658398562734637,0.02166009256220444,0.3926719984906102,0.4221380218468514,0.1674999821571455,0.10339939256064538,0.2259137847865761,0.1563208376401946,0.42351412649131637,0.06192871216489132,0.2964902487629373,0.32186559714267926,0.5183376905725852,0.3867143715610779,0.3065845924699119,0.46826744135583775,0.5538360011084158,0.2740625026916789,0.09803576087206686,0.5520881036761622,0.2933655054703398,0.6130805587434285,0.40227006897721734,0.4552041674284497,0.2603078852654004,0.577238061404209,0.4934433109288384,0.28757215518188023,0.41305841613223815,0.33660794487769125,0.1663439302540463
SYN-0387,0.40099961540570306,0.6409969049362131,0.4198435386842733,0.4760622052687294,0.4672991666336564,0.4542834831086731,0.3889195477054964,0.32522409003051544,0.47072312488130497,0.3933070591892621,0.2471174492412352,0.4344286626323831,0.4387829937470022,0.16642666409845092,0.632613306429401,0.7023475910384638,0.6286805871015387,0.13741834916100523,0.34269971400651555,0.5615051668203033,0.7220406731872164,0.4760790098193716,0.10796777244956146,0.4548671602290596,0.432801704686813,0.7704617427961525,0.4539256146214363,0.8021119765186208,0.3023018843503915,0.4663613557035409,0.4519845393579862,0.19129591462887952,0.1517264030271422,0.01,0.40093412578578524
SYN-0388,0.01,0.07034654023800734,0.21453697291423723,0.4598125611462166,0.2858626499151449,0.4865164275715475,0.29328501852272265,0.12331356168390854,0.27498448257799835,0.5222015915420692,0.2947757864166346,0.37367941298418733,0.3983867585375378,0.5438913364777906,0.32432413243633884,0.6136240941945397,0.930370200083992,0.5111754909165382,0.42969457498809294,0.01,0.5211786617734624,0.30107576278815734,0.11681200740264636,0.7584579725226016,0.14087021226080085,0.6742446996450797,0.328580452986323,0.23339409738495587,0.09477407271432595,0.3366304766707992,0.5180828963997641,0.01,0.5074613122088789,0.01,0.2311943962477128
SYN-0389,0.01,0.20312102046684347,0.2219101914383494,0.40304470072491594,0.030330555097571155,0.24041175450561542,0.10028750353650924,0.15893262308951836,0.01,0.37851782445889404,0.01,0.43469703541882304,0.5370302729991191,0.6042984469636545,0.7507189970413441,0.6131029939334129,0.37353790676452103,0.33595617328471317,0.21224978743036985,0.29194507752205306,0.5756605948050861,0.2970310678837909,0.734307671227223,0.2806940312151125,0.059586551690581746,0.26877317000519085,0.41913287641625985,0.5149970306859062,0.1351871368385075,0.46719010172872166,0.2986226719838122,0.306627636256902,0.3810730041952707,0.15313663968726715,0.42256987959403114
SYN-0390,0.01,0.01032862312672897,0.11796629327881786,0.14955544452764719,0.19867154494903055,0.017197944024377937,0.1329958075119501,0.2767966497762464,0.01,0.03267503402263791,0.2586875534919147,0.31200331838372486,0.572026676490473,0.7764962592909843,0.5184498995394676,0.053337088736985144,0.6394579763334742,0.20603278142652287,0.47633019465142,0.19613945827853194,0.26637670415952464,0.32184567529776864,0.6449025728419702,0.5175516276863542,0.02079891943699605,0.43057790455150263,0.16436046413064742,0.05747815896096625,0.6897989871112202,0.15890009796858431,0.37659785942225665,0.4418552129852491,0.35226697640787796,0.4708072381163896,0.24529530416814846
SYN-0391,0.01,0.01,0.01,0.037404006500574925,0.0920730936674057,0.2704624593161429,0.19399589866034805,0.2444860795442695,0.04198429209995653,0.2621722671581147,0.01,0.3087324468324276,0.39251499987587035,0.41908844187390154,0.6348876335073728,0.13470723434085263,0.5381487959982404,0.72062137156412,0.531799537863597,0.17449817772081086,0.633650190811589,0.32467393547778767,0.34467874904036033,0.5229429344912547,0.036299789550471306,0.3184162349110723,0.31574009227898,0.35879987856168727,0.30730665051518247,0.30942344014718426,0.26356497470608126,0.6771477164137591,0.543958189047957,0.3176954839258993,0.35150248525260536
SYN-0392,0.01,0.01,0.3409930894259222,0.6095634324308371,0.491374577535928,0.3207745961911199,0.3912075686859113,0.13932215723846414,0.2093458554093166,0.06985309988900423,0.1314682017478982,0.5963871062062123,0.5880550563418602,0.4543242310625653,0.6072702155474479,0.2655310353626068,0.5117680044198132,0.1711637399397267,0.3392113640801139,0.01,0.7105285257333753,0.28851956094536835,0.3984206823436352,0.6395011062121079,0.3542620836412832,0.6011016358048834,0.3177659375958307,0.540820850015501,0.24245212304931407,0.4746489399959204,0.4172566113596574,0.5062516603446348,0.28155515141708304,0.19261808909374128,0.09208667836090936
SYN-0393,0.8933382051983965,0.99,0.4106755747737465,0.6478991016960169,0.4934647224076742,0.5288373694226246,0.5564109514278217,0.8339793302685804,0.6325346755826008,0.2351914338767648,0.49203966151484896,0.40256467739776225,0.33821075630740416,0.4440956710251539,0.6262222520373572,0.7831750549485936,0.6323326464436863,0.2609953679677123,0.501894234665224,0.48057949921152043,0.2755994982529427,0.35145184758545933,0.4978277180986444,0.7351927985866953,0.3838185283869161,0.6411735131084411,0.01,0.7200391620436771,0.19591485272578235,0.46082848329939313,0.544490332563454,0.14802734214773988,0.23935428652437157,0.1593657776309878,0.16753804071377612
SYN-0394,0.01,0.07840471475825295,0.28211965161864966,0.4412629205223233,0.49717446903377394,0.3770306240790049,0.2721952248399578,0.1910319668647542,0.4898703404533923,0.308117609183826,0.38630026854465216,0.6176490245742172,0.4551226106903609,0.3832865423665993,0.3752052086313004,0.24252232732691398,0.3298607775552313,0.5759947235149209,0.32148840032879833,0.20330338229118236,0.6079387519621144,0.29802463980767924,0.6654699347319047,0.5606556140310855,0.1255337665095195,0.38658417273243006,0.31429686729747786,0.23726319503770116,0.4510695655896003,0.6955580314106362,0.4327017404686688,0.402050319091695,0.11343864249523972,0.39790706418951793,0.2655740172773485
SYN-0395,0.011658954127972037,0.18770995805981375,0.17250788560925992,0.38412410596547875,0.6733310290925361,0.32827538550411595,0.23002382663686485,0.4590430103203256,0.26059714150048774,0.16625684145556174,0.16060611094335842,0.4047732358716009,0.25364683836180574,0.369227384960752,0.7644756770215292,0.16385528120143075,0.1752374088982956,0.5044636228745967,0.40323580892524963,0.11327264282640064,0.37941522750612955,0.4779396165311707,0.2444464389999301,0.8211983598847281,0.01,0.6086226073688429,0.023049939613338594,0.6724323695777086,0.2276992520881188,0.23800771470336454,0.6329118390852446,0.21513580846739785,0.1173537827916103,0.4711536895080073,0.5132441082924177
SYN-0396,0.01,0.01,0.01,0.024595486494565624,0.01,0.19841056759384484,0.15531465986766127,0.05845743923506062,0.07888217451354071,0.041395378972701596,0.29029493336316464,0.2382869730943091,0.2349653502628199,0.57859757350506,0.5167035873703903,0.13023480019851277,0.7568633708202717,0.5962452827836608,0.31600126015576,0.01,0.16112833715779754,0.535419428980578,0.27527455851911486,0.5964885889032142,0.17542048333312585,0.48893955417790025,0.43994250698389553,0.2585156708475713,0.5006003080546749,0.01,0.2453702524459592,0.1927927915394701,0.3308045248144521,0.11158639725710082,0.01
SYN-0397,0.99,0.99,0.5187605646703873,0.49106583572612,0.5168648084388424,0.5899493255903628,0.6386119494553268,0.24526760636540645,0.7545807572176174,0.685148461814554,0.5032276288678239,0.7198876105474681,0.38626422766895696,0.6034259967639926,0.2738736398003263,0.7553567966208639,0.5124030285206072,0.22587231229970717,0.0377735434900327,0.5062979141379811,0.5335735997359417,0.38746966035580016,0.49617612618064577,0.6571353687252612,0.5290346111761259,0.3783277614921445,0.20847353809963143,0.29541240300009536,0.42442178798997676,0.25609666480853355,0.9201409539593751,0.47635609299197723,0.04156315843991504,0.4640926936474242,0.32088924525016166
SYN-0398,0.01,0.01,0.165051463138584,0.07830265975751084,0.36413393296210994,0.07409374771715677,0.12095088918083387,0.1023855897283999,0.01,0.21235122452882726,0.21732068478816274,0.3942474302305966,0.21284870200296915,0.5966069133255387,0.1360624634315959,0.4811130840050433,0.5029432006871771,0.1285115677851852,0.4001604148770443,0.29838466779422623,0.4921370921305891,0.30862654276293033,0.342310803193244,0.24997909734797624,0.053411785248953736,0.8737729014959355,0.3834239803023143,0.49352232285385234,0.13698183986939655,0.5848176364896107,0.3133398089026991,0.19835347054123054,0.27599936343909937,0.3250496986054885,0.29778886888579303
SYN-0399,0.16444665005748332,0.43951414533266486,0.4740882093543964,0.23697231480782502,0.192106441395776,0.40958935779853844,0.3600931038223971,0.1071218133913508,0.013826173547311416,0.2637634187739188,0.35530538266772643,0.20932221376844223,0.423700569798521,0.376499429244769,0.4405879124931792,0.6008260136526283,0.6768256881951068,0.4346282783983674,0.4426536273927677,0.39912331892053937,0.8786044995909916,0.3471021821495175,0.2810828270412774,0.49651282395744356,0.6298584671418411,0.3753673240458648,0.25241191570939653,0.14518861222643797,0.0773278626703231,0.4343938579346814,0.4361724185792638,0.472544444081033,0.37517681285862914,0.032889036753595086,0.5129343905720782
SYN-0400,0.01,0.01,0.0485328902628384,0.3562014029152011,0.06323664619171959,0.08792701773151868,0.01,0.03494905276240577,0.01,0.4794050900648892,0.1065607508485643,0.5367705203327755,0.4081956520529576,0.18922804461715148,0.4554213086930598,0.5089530443242951,0.7169624781460024,0.5581191997874948,0.6643982906959545,0.4867108730208187,0.6163007966201367,0.28245454856510976,0.5064023699279125,0.5176914025715045,0.39738259130686016,0.6151081915131531,0.5019642824063866,0.01,0.4279376182565138,0.26018033698019993,0.15878391078002474,0.3649301322157412,0.394526429076682,0.10429196193430013,0.3257646154125935
SYN-0401,0.01,0.01,0.17072831125353718,0.05762893808536092,0.07695576113128114,0.08998456971055002,0.44204674674452005,0.07378549746668256,0.07182224467593135,0.14771056627014895,0.06246806744272321,0.3056578139086391,0.2330786365724806,0.5256541232493649,0.43384004012103183,0.16620073735401206,0.5450092866487823,0.5714530240750857,0.3338451961596071,0.05156816328202145,0.3757935876631955,0.2664756214088594,0.5885603165123786,0.19151322858024605,0.529929861765849,0.5145526895565619,0.01,0.3115624276367153,0.6496141206335545,0.5035079430367689,0.29667586241664445,0.22761550362777383,0.3484217677832042,0.01,0.306678743794522
SYN-0402,0.01,0.01,0.01,0.01,0.01,0.01,0.01,0.2432289991441744,0.01,0.01,0.37458605146499524,0.06254922590818322,0.4136678001300147,0.6441919633447561,0.3681246102618363,0.43004940971943156,0.2906888488880425,0.34462598918840814,0.360995043166819,0.2005631629118402,0.30134696439888875,0.478169075387244,0.15511997076005724,0.7213256985434798,0.2490216768669685,0.4585867280498735,0.3624662013213777,0.4560989656619888,0.310433447326214,0.085804055204671,0.31568918540694707,0.13620467201344535,0.3397629724999808,0.2956051853953965,0.25123779667549784
SYN-0403,0.8456749714348422,0.973871213494219,0.44554964079568465,0.5148073893784665,0.5278807649163864,0.38757464996621305,0.6839288926441904,0.66329634264118,0.727636948181381,0.28623634059673275,0.1114222145281426,0.6289675118558776,0.7172933530624699,0.5084742168418306,0.30695835053365106,0.99,0.5071707548654455,0.28295400581003927,0.2930528009759065,0.6638424244186404,0.07712872093951656,0.4146491831246871,0.3605865040276074,0.48776576143127903,0.19256763969079171,0.5559645766297288,0.2954187825968098,0.2863227100194744,0.2705596981092916,0.5054555091557243,0.40996053131055993,0.38913392066282637,0.5767302663379871,0.01,0.16071224202360135
SYN-0404,0.7266466016486844,0.99,0.3875282817724111,0.480800687078603,0.31109578541387184,0.4786909512429449,0.7523655981790206,0.4386808875540725,0.6599168984693199,0.30063711657808484,0.4292057745360626,0.4239956582617965,0.6105877027143704,0.27530553725360446,0.6156932659517997,0.8444362080922525,0.392746636886621,0.40456633353502836,0.1816184904108749,0.5908741457939518,0.309100138299608,0.3266751207501704,0.4317782005483535,0.576490005815994,0.16587067622500642,0.6498935399641722,0.13206184637230714,0.27396916613865924,0.4176712423303308,0.3320627776333113,0.6692723614018021,0.31759851969716807,0.236804823672238,0.21648917640920098,0.337097488184909
SYN-0405,0.01,0.4110418629360806,0.3434530896584416,0.31275045000697155,0.4376946960977173,0.3819741106150012,0.39820971398464666,0.30442358692098676,0.5796272174387983,0.1859497749296759,0.22329235405751416,0.4716322772491042,0.44354780742670286,0.2231609784834103,0.5749670691057129,0.5289388613078599,0.28244841626404193,0.1929561199075887,0.14338981496239228,0.54750439432357,0.7634975537811399,0.21254611906472937,0.2426808969429443,0.3850735090233923,0.130444066348716,0.41650042871264015,0.21904531755417528,0.39864826077231763,0.4613821037151654,0.4784699629082159,0.5503854309465972,0.24282189942278598,0.2502518383943149,0.41356029969428454,0.2387620422777966
SYN-0406,0.01,0.01,0.07599435796553079,0.04596603290498677,0.01,0.09800629437273148,0.10327869171226779,0.13605404649648278,0.01,0.01,0.2343401897233892,0.4528703479367961,0.5256732988261966,0.3349483800102586,0.4850896185195392,0.29351558912035924,0.6572708947343076,0.46222696542803104,0.11058105368345839,0.12188964489223524,0.45369456381617873,0.2162995449184547,0.3010593267501097,0.5168755205228673,0.5734802876733098,0.3662612658681373,0.3492111426212335,0.6241217491653908,0.3539689279655012,0.17732832210829844,0.678716075310924,0.3834225954565783,0.8341994169100739,0.46981203023960605,0.13040331931980628
SYN-0407,0.9312812677591896,0.99,0.5483774847414007,0.712840531075276,0.4936394176118267,0.6785029741766655,0.6607612047945461,0.5034481195505808,0.99,0.21785086453010824,0.3001439469874468,0.8022758385075868,0.986080835807482,0.17044942778555108,0.5921578293188038,0.930803535337303,0.4425687065012749,0.35217876855793523,0.017551849042263923,0.5869597239197689,0.2709773033994133,0.3654268301687338,0.5448340777251952,0.641388496580468,0.3867581759394649,0.3766043226744559,0.30837113606964733,0.7290044876921461,0.4145337306315656,0.911046350490328,0.8338666755462644,0.16167402663820998,0.23171821079566574,0.08780262057102017,0.2569550685387171
SYN-0408,0.01,0.01,0.015828332136035878,0.2628320835485648,0.1031026101760052,0.2950758616465596,0.11725978622176485,0.20697107208124838,0.01,0.07428458975085382,0.01,0.29423734597228834,0.4629356064665966,0.5334851104392788,0.3258764503073871,0.31958819659595655,0.47345163564760084,0.7907117124425111,0.678970074374944,0.14510341389772682,0.6658498621148954,0.15583692274711788,0.4041744216004902,0.45958832966844787,0.14268252223791172,0.8099946774120614,0.49987502334703865,0.2738166332384098,0.14847546567230244,0.01,0.40169983286879624,0.01,0.19671565944061323,0.17952039123753633,0.12317683286044917
SYN-0409,0.01,0.01,0.21435670873260673,0.18094523295307208,0.21071859316310512,0.01,0.019886752572525354,0.2637261504985339,0.010743340417223704,0.01,0.4741552716394325,0.2941455059178976,0.5229786503140224,0.4713112062204871,0.6268237711672386,0.13005554356696733,0.580898895716778,0.28753722940331783,0.46105171948221163,0.02864651669336142,0.4658957370190034,0.31222569085213125,0.5537753922232785,0.506060144671679,0.09542470957151122,0.40765126844339905,0.5191154428492448,0.3919435997496308,0.2777354643951607,0.251777808294551,0.4444194615010365,0.2485294976369617,0.18426943844786775,0.01,0.15616439729243167
SYN-0410,0.99,0.99,0.7291180359532186,0.9047616252005399,0.3491711985278513,0.3857263070142794,0.7779948081046588,0.5649527120653094,0.7822760568084228,0.365894463517094,0.09166631672051057,0.39678160254090766,0.99,0.4171080850626131,0.279752318163177,0.99,0.5824980960794535,0.19119318785114553,0.5582012796772562,0.4062209083061097,0.1009144577738284,0.26743824125182497,0.559371065092459,0.6382208141242571,0.3018684366414345,0.8559248309733911,0.06870551241443441,0.7460591125438614,0.34562021351563144,0.474689203918798,0.5521033101020139,0.6024093809692141,0.30224671552683446,0.410304885744715,0.4970577983411395
SYN-0411,0.13852986817746468,0.7855760067532063,0.15900123634722946,0.2850490460246172,0.29167666398165487,0.01,0.18784262899204673,0.30997163637566294,0.24877038789497222,0.10345787701146347,0.21008069008443975,0.43889415106451957,0.3812601755934525,0.44553885656632025,0.6312158545390433,0.7338610678878111,0.6758542540148387,0.7218058298496233,0.20468809465737434,0.44109142780883326,0.9885810959078218,0.399748610555479,0.01,0.4149018975787189,0.2056656388367908,0.5242345946622932,0.10039510428860643,0.4390328527551046,0.7214983071415171,0.290737519812396,0.3742731794940091,0.1863956122291798,0.7080057272396062,0.2558974600318244,0.279906150892877
SYN-0412,0.6966540297127538,0.99,0.7172990519893253,0.523822065440341,0.1260267170111256,0.4673980600360627,0.9200165860381504,0.49236088925030663,0.7444469611729487,0.4449531743902315,0.3708754450955714,0.5310851440672077,0.5547516822602114,0.5009598427166798,0.43582354249373295,0.7830544998022877,0.4746509713848371,0.3949115924326411,0.33106649194046245,0.5291795753731428,0.3347485527516616,0.3105605069545197,0.7861068236756975,0.4750237558257243,0.2592415059053357,0.5318949903763384,0.07545527574814917,0.44896174565822733,0.15480941070465687,0.7760346535507974,0.6768850024284745,0.13229132376098524,0.45516239366440836,0.2824006685921857,0.01
SYN-0413,0.0526997459259059,0.5059993721666833,0.6238795326837301,0.570736762557209,0.6268709778813513,0.3777280039222438,0.35613883100698057,0.8029313031710605,0.30257817905009776,0.15635176148100813,0.3083236567746518,0.4437626127211697,0.6574554380125998,0.41335599255775424,0.5970483142751197,0.5617714029651734,0.6313477743585922,0.45475246357955,0.17337528447545356,0.05304846131162888,0.6663879835532232,0.13547618282393173,0.10464587346630225,0.5873674778533257,0.08893669278862318,0.5268255252659795,0.308618027116684,0.3091650582167098,0.5328607264963243,0.25123248395503767,0.49758319022848746,0.31066934104275995,0.1686046992660667,0.19359644859586925,0.1995617766108934
SYN-0414,0.01,0.01,0.08675613200929369,0.4569022322840214,0.5262492455305939,0.04790786221797819,0.3629181130313113,0.18797961566454638,0.24809077508185173,0.5959964155319146,0.7109278720847202,0.2697030526478861,0.42968349689765106,0.4223512806386967,0.8186268347904866,0.8609442336808307,0.4296258887912031,0.6152722102390895,0.32569143687414853,0.0992866580999877,0.37624998932724124,0.1670564039793132,0.4258205609625459,0.5621668232772217,0.06719092554215444,0.536862492489511,0.2045022087369267,0.7792414549732026,0.24838791981530092,0.01,0.5033414976360928,0.49152502737066617,0.3582316756306072,0.3274371837166663,0.15082295206983165
SYN-0415,0.01,0.01,0.01,0.32227543129463143,0.1883566896507835,0.3501876951104538,0.44548533188017503,0.1984696702783738,0.07459979533879606,0.014472180720532968,0.23004848932473704,0.6260846034980747,0.5630986666425304,0.6003545879324962,0.6847533927211271,0.4157342988966981,0.6405966565862652,0.2697509898193748,0.36543724934721245,0.1461941199238487,0.01,0.01,0.5061517360525674,0.5921509889947891,0.2738242108162811,0.7317096395326903,0.6262121968637787,0.4425606653058895,0.42006845958976985,0.3918367337150167,0.3013617318477301,0.32564957213580176,0.1857566482783718,0.20558429225770614,0.3603759623786374
SYN-0416,0.01,0.01,0.12925476708864309,0.5403347411786075,0.4897874726220526,0.18548954279648774,0.29252563108602003,0.1303763531011028,0.2132477525224953,0.2479107490915366,0.4694695174653878,0.21272624714488303,0.4462044336145268,0.6004294816353863,0.2648730063378468,0.16512838293109017,0.7163419570574595,0.3425850645175174,0.5985527063502196,0.07339412712846696,0.35000322320322447,0.41406052190744436,0.3996204244059863,0.4161027013249552,0.33071671670352104,0.8674652202395275,0.11070297657166722,0.4332281453360079,0.4906216693484823,0.3607831253149109,0.6215224210786978,0.3004465362768807,0.4726533331199122,0.21076233409584808,0.27683874129316827
SYN-0417,0.04858623568197136,0.144188715084421,0.49812292885841913,0.5350651205404925,0.3088978273012815,0.3664264915148833,0.293188412040695,0.19285014515911697,0.11166944815360677,0.5531842575788128,0.2262285995215595,0.21044926287049576,0.4722593981163585,0.581663081053187,0.31959907681400873,0.17896665766498607,0.6273867358937449,0.4487920609923885,0.3062776866872079,0.2065410080719489,0.5209353191343482,0.4003361291344168,0.49659972233425587,0.6395053780543801,0.2301836278073189,0.5858994214510994,0.02720313439980107,0.43171640702936265,0.28067808720340803,0.47997548089783815,0.4838008153923059,0.35210043720806516,0.1696073429912689,0.2782798598120123,0.20081283525943028
SYN-0418,0.16891252837415602,0.42482469044387394,0.701151249565113,0.3688302327710049,0.47176459989665853,0.22638114597207157,0.11425787254558076,0.20249363234295686,0.2275702281380114,0.19807806340336664,0.2238085606070752,0.40694756981473224,0.4084439413265792,0.5110354495844877,0.5813784272593759,0.7536575835377993,0.6717701869288475,0.29512728713453157,0.3301347908212056,0.3248057039542968,0.7154664331962205,0.38871946040192684,0.1446905070233298,0.5816004259658281,0.4523897485195033,0.5184562248833859,0.1741716460626943,0.7678365759341488,0.24393014725593798,0.3645174450622984,0.29099572717109046,0.4720239801606532,0.2978599861353477,0.35940647427176003,0.01
SYN-0419,0.01,0.07291656813985609,0.01,0.01,0.09541126117965208,0.01,0.1610165504434798,0.2302947338191873,0.01,0.03165198645269027,0.3780034631831545,0.03422494267942722,0.4670171984143538,0.33164105909093355,0.20358382948165965,0.18144426922254156,0.3644876635263038,0.33736337694344654,0.3526590693336054,0.01,0.23178322702303902,0.01,0.354366304317177,0.6325914857915065,0.2684694044920508,0.4814219581523228,0.5012333324634293,0.3874280673193333,0.21420889671131596,0.395878466013762,0.21527805384463056,0.10967200762219398,0.516848785438119,0.3201387776934397,0.01
SYN-0420,0.01,0.01,0.2740485662300203,0.01,0.01,0.01,0.1013024705129926,0.06261579143810792,0.06298532217145947,0.29226619168153567,0.3948282333444254,0.31912187530177516,0.2756082677420572,0.45163219878732386,0.6764712851028916,0.4377804166470295,0.2744804853671301,0.4793138068448306,0.4112376033684141,0.02031185456707285,0.23963644231920722,0.05004978175986585,0.6167638056748269,0.4229910557019816,0.01,0.6717212975281077,0.07864608915678512,0.43305413690496475,0.17908521690504725,0.40445812892539657,0.0649271461496958,0.35980333966171735,0.2204199433492169,0.2592377661793812,0.5186372979556837
SYN-0421,0.01,0.01,0.01,0.28517909486268805,0.12685200764719548,0.01,0.05341293486942979,0.2661606616081527,0.06448584833782116,0.09787567686013765,0.36099221406037396,0.3487236722421639,0.3948375803846822,0.4647254952594979,0.412277919262771,0.01,0.6296268474852094,0.5117108171649102,0.13152743950171258,0.21275065414736147,0.22708259114768897,0.3541100715710833,0.44003459664045197,0.19368491051542214,0.201095466127106,0.6650604154384168,0.42855852942941763,0.1815249714907546,0.43679901233505447,0.3694696064273257,0.2904709740816695,0.28607678369897493,0.22707368120301843,0.14243711268229403,0.49010236417326614
SYN-0422,0.8078910574300374,0.9680062204386594,0.4374563874619949,0.46122770266386737,0.7213128858471439,0.42231248210083705,0.8264713539343486,0.4812559052714171,0.7408318020214852,0.3848073292197519,0.6205680110935559,0.49079182497327484,0.6537491894732489,0.42272026019518294,0.7497054177176771,0.8677274920064993,0.3170746513637645,0.5442696589127746,0.6593930348546562,0.6262845366926677,0.42761061673055684,0.2804936700933883,0.4819931631178283,0.538119327368851,0.48499928430343364,0.3165387071029308,0.11842158682079908,0.7072503069026106,0.21210512846732835,0.4156217901204786,0.4042300200323435,0.36535189729572676,0.4161543402072394,0.01,0.2821211522073688
SYN-0423,0.18618514363819047,0.16549937036003648,0.28350423374770717,0.30617454292125784,0.3465851609446354,0.4228811823264328,0.35477097467301955,0.08723834080779631,0.1038264097892825,0.30442172975652076,0.17502497084248722,0.3296489154303691,0.38788934863075664,0.7997063734892893,0.7400982206442488,0.47595113772255637,0.5987458213782395,0.28544384738904194,0.4691704085903238,0.2716492968818024,0.5624888306265602,0.3749225284285048,0.2900055921988989,0.48636711318271536,0.34273171619600595,0.4643771276969564,0.3278873277170401,0.41203030800685525,0.24267572885055028,0.3693953774035836,0.3069392630795932,0.6134522068806165,0.3249016117204196,0.2907689023172654,0.28272706619780563
SYN-0424,0.01,0.01,0.01,0.400961441896894,0.01,0.01,0.31150366721504463,0.01,0.3621381880924116,0.3763578310658543,0.17989456064804343,0.01,0.12363344555781103,0.6214987256479005,0.4654218801604849,0.18397379798048785,0.6217086657936431,0.4052398064912347,0.22292204434283305,0.5582813927501351,0.47656858552036974,0.1991569475258893,0.4409218350598903,0.37539502646786693,0.01,0.35604870156376406,0.3327009212556057,0.17486420960682636,0.30782119875651415,0.1139215828279097,0.4120525252502161,0.4806177928980876,0.28806253847692764,0.14610154261440383,0.01
SYN-0425,0.01,0.01,0.32061532030751305,0.5622103302977923,0.09256937420194174,0.2389967409242675,0.018456412853995713,0.23892132400517846,0.28537357541768804,0.07355178827211008,0.10792772196069438,0.2169107719698986,0.4142770292922381,0.605597530220533,0.4910345052474716,0.21380284231302507,0.5193519814480876,0.5670894353522122,0.5883888252132732,0.01,0.4609343786654838,0.5253281725370794,0.1331052051443124,0.40729267298003957,0.32247597839618813,0.7235634000614387,0.2854790001693731,0.48989905760753816,0.15435360327443046,0.19933354646027787,0.40150607151845424,0.37041333898447,0.3078576242201785,0.34119912103299266,0.01
SYN-0426,0.01,0.04444583818656654,0.691833162934727,0.2923765133267275,0.20017140788125823,0.2931642120818705,0.2794373774076258,0.43150851575002513,0.01,0.3570593793030981,0.01,0.07096455856384298,0.6387841015961412,0.4662499506254516,0.3211134170257848,0.24177530645583578,0.7891675539157077,0.5226810932195753,0.5907005356437509,0.2661237070243542,0.2801030549099594,0.056651363039990216,0.32660933647172297,0.6253557009357671,0.4612011586421086,0.7256216005351958,0.48681621799155145,0.5103711237378267,0.28131346960101056,0.25442786203719847,0.4820537817151113,0.4872472558942496,0.34903543890890804,0.6449822492204276,0.14320772797225
SYN-0427,0.01,0.4744768770055931,0.03446676501091356,0.4538124576101145,0.12376061095133552,0.28983564818411256,0.09251435125103219,0.01,0.09267747686203508,0.2629601269485198,0.5519171397343738,0.3863040265054015,0.5310492379461255,0.37282104346240197,0.4404437261875302,0.4112342338670049,0.5561393244627792,0.2731630167084979,0.32221437524573526,0.1827163676484486,0.1045719110270793,0.28395268795593454,0.9495325924628002,0.7307589998488618,0.25093509057853325,0.6957918795704601,0.15591626288645632,0.49281712466533845,0.503981446303035,0.02659416221559935,0.26658405519887807,0.4256676428641363,0.01,0.01,0.14705438406440974
SYN-0428,0.99,0.99,0.3816814341588729,0.4712841902592541,0.31912041729824014,0.44036262536087084,0.7858311080689884,0.7075462335981837,0.6525552997115169,0.23682488327474863,0.23131987324579317,0.5141972196845742,0.8109973696272286,0.7090703438478443,0.5393921074918411,0.7151438992005004,0.23154284919458884,0.22963031737901862,0.18531294770479462,0.3007895671091116,0.40293637603334054,0.47580429101854527,0.29940490871022407,0.37346620920700285,0.16229234692092562,0.4857561619136635,0.33025497106748747,0.3235551269751243,0.33926216674596094,0.2086108890266081,0.7011816923896704,0.29231207187866054,0.3493040829715565,0.2523745442618663,0.1032949908497802
SYN-0429,0.9733752629685588,0.927601900265853,0.6836065455699797,0.727958024802711,0.3555899576936855,0.5375442130283611,0.43112078902166073,0.2624834690014895,0.683260151104762,0.33344225489454893,0.1848858762472194,0.537201375995637,0.9543763910422021,0.42388654081813965,0.522638832926573,0.9047336032801182,0.6301707877339726,0.08092700507711842,0.398360039009326,0.2341223394941167,0.5919131357229118,0.47485287269164445,0.3954315888148802,0.47097449153979054,0.027470285918139076,0.5781878726346976,0.24211686417377867,0.7869186031781873,0.49729839112623364,0.37229555403078785,0.6550003470564673,0.5486903635128216,0.17157487889837897,0.13911267137647015,0.5415710624845871
SYN-0430,0.7289249860916337,0.99,0.5311403800109825,0.5342636978196332,0.42437757319943503,0.6277835555964539,0.9675247601924444,0.42450825894172783,0.68089795982567,0.7598296997252487,0.5538219221726169,0.8451136551414349,0.6344818054733607,0.25313174840075037,0.4314046410120463,0.5763546152664849,0.05971361135326303,0.13344605786945757,0.3391553891097437,0.593971159112102,0.23753068607134656,0.5371706357449808,0.7918442863296521,0.7146174348699359,0.1812858890487029,0.37968324874562076,0.15250844722357687,0.9015009235792637,0.45826300284313676,0.3910726441342887,0.5653121561930909,0.21084615370153942,0.08048819633894794,0.27590207744412243,0.3388903174681809
SYN-0431,0.1247505993114278,0.36948101705130837,0.4652244283665125,0.3611711321320484,0.17831085367933913,0.28303411111572785,0.36935801316825023,0.32583847896891915,0.42374031686645863,0.01,0.15631794069084332,0.4080180174662041,0.5183945683280614,0.36454339672365377,0.9338370399946376,0.251249733933992,0.5002409963918298,0.6809582963595828,0.40017739691227316,0.2036509661712308,0.20094912782874946,0.3511994551851372,0.37117588357799985,0.41617239502519254,0.29441979055908263,0.6703774923869492,0.08308756922961999,0.43462061448137174,0.22966096633947827,0.5219734929409524,0.4719901329751286,0.1054655747707102,0.23909415170543485,0.19686160696247185,0.2759507151326333
SYN-0432,0.01,0.01,0.01,0.01,0.01,0.01,0.11576839728152997,0.08276170466695264,0.15710256736004155,0.30518734989435436,0.4741306771017319,0.01,0.5861054052517717,0.6434461914689118,0.40386119298917555,0.06443375640133447,0.36420177951779475,0.8466706112971927,0.39830792608615234,0.1273665878980628,0.621402147001892,0.2514415083039758,0.33216946052282204,0.6251796672752901,0.4173156265002185,0.2779389630425192,0.5759140547423925,0.09090714866392219,0.5759450922123222,0.12644051817381124,0.17154755710162303,0.281204641245612,0.4316033378446682,0.6102193260403415,0.07844924665903072
SYN-0433,0.01,0.018598757633461034,0.3749501754721653,0.5531910185979079,0.45179726346816623,0.3279259570318249,0.22827698727926748,0.41504244086965414,0.2787061031423292,0.5237141694105585,0.28963670858083984,0.4619435458444046,0.8127490993051197,0.421599488439611,0.5980275731850114,0.4176579476348536,0.5136696717851353,0.4516994145723122,0.24659850818885878,0.4902906319561487,0.6239944984368854,0.20744586683455277,0.24469895371732717,0.4776490929541132,0.22389119905497873,0.4039315021760832,0.24591936978956758,0.32081180896466943,0.20983061293348276,0.26146114135414017,0.8514853160306325,0.28350948273085574,0.18116428500565399,0.20525437267858304,0.4601412242251422
SYN-0434,0.01,0.01,0.45458138819171745,0.2236329211249286,0.4775833648470501,0.41398765551952754,0.01,0.01,0.01,0.3782666181398321,0.18401983985087175,0.46942326631447934,0.428673528336259,0.462259219343258,0.48600110607185554,0.1945621683887234,0.7468724858078638,0.738866115122627,0.3118246675218287,0.01,0.3065673416104767,0.23844893789836424,0.35259879082888523,0.442167360474539,0.35583928304354084,0.610028576075587,0.20146694692187642,0.38376297977421553,0.488917437910003,0.4734838301564367,0.3241311617752204,0.11197845126779096,0.041070203680357464,0.13438772347792918,0.04866838191661263
SYN-0435,0.6716092301798949,0.9435627583902465,0.6685147934633732,0.5640316953329259,0.05897003167569048,0.4372081154109861,0.5023284694016144,0.7742130613963559,0.4265806896115914,0.3571415109930217,0.5279779371496683,0.5557151648433597,0.4773619733822538,0.5358122166631119,0.4962026592319898,0.8554500740701729,0.4836844019410436,0.18192870755900847,0.4824573781697906,0.4100994262904975,0.47713029269029217,0.42947943903600416,0.5502887587240642,0.6718149496575696,0.3084503661599229,0.4422938751472632,0.2796692021705629,0.6608275752020396,0.19556609115575677,0.7908269227992015,0.44792203861900265,0.0700026593405294,0.3719546954211615,0.3352857585670041,0.45875206057335904
SYN-0436,0.9052341501949689,0.9359822133967988,0.5378193946784012,0.6636218288870814,0.6718132673834618,0.40265444159990527,0.8709864479515107,0.30558350683419255,0.5104905362913107,0.32065426394500196,0.2912493060208365,0.9077243416199767,0.8287180121329877,0.6646075755686625,0.6300240611999266,0.7549850332802817,0.14584285797588636,0.21866840898908904,0.3425598055369724,0.5595402989013555,0.5118609890845768,0.5060165058951194,0.6940150646609211,0.5388487047935131,0.18395142937012798,0.5202622394898261,0.2355043918524506,0.47589529899313415,0.3459123330853434,0.5119071004892948,0.4991843553041907,0.2677321466240631,0.27337214335169585,0.3891363707842883,0.07560877355373524
SYN-0437,0.8994911498356628,0.99,0.5815929263157502,0.8399964025176347,0.44613528913691125,0.6849715586259277,0.7567740904995852,0.2566133803458262,0.6536186565286106,0.4309780229997586,0.45596153515119764,0.7610732928353617,0.522801892952032,0.06435459614806532,0.5877246182154179,0.8228198469938348,0.45190515163945927,0.343636575903557,0.5055915505464796,0.6707609511235255,0.26986557350784235,0.9255761959999131,0.5900293169391784,0.6410244177190814,0.2297403850216271,0.43800460727974916,0.32219337658277647,0.8187137910169232,0.3396254449202105,0.7528190215629817,0.6162780962992389,0.11990954512641935,0.3489434025541344,0.08144825288707883,0.25021700729835106
SYN-0438,0.8470033764744761,0.99,0.3096583060672169,0.7499165134019169,0.5010382747668876,0.4559887148774622,0.5791886022544975,0.21148641849286054,0.5988375807538443,0.6890659741305171,0.5818662283272782,0.7743032540352482,0.46182424890199525,0.5196325598408242,0.4680792287362219,0.8856306667781763,0.4795904711121318,0.3900163088934921,0.5520321090821623,0.5120114308172926,0.42825260579748353,0.49099782711138634,0.5584369280739305,0.3534629722603163,0.10568553853986085,0.571355235265544,0.19560443108321415,0.5600035701405071,0.59650016448773,0.2915068969435996,0.7763407921063925,0.49658648328168103,0.05823147038861795,0.019827401521715804,0.027310346609621783
SYN-0439,0.49265433088716093,0.5165214925191395,0.24754395726571632,0.5296709480184923,0.37394618079559805,0.2027332346655636,0.2801110544927133,0.10491248894466282,0.15379389012990563,0.46807567528016314,0.3900559258541261,0.2270504647144288,0.3094839118451556,0.31372615274395516,0.5602602154185993,0.5435698878046141,0.3369519184316976,0.3694074915816239,0.5555624587366484,0.5916506171115563,0.4910964465433054,0.1269610356619974,0.01,0.8524283225180889,0.01,0.4605235598663267,0.22237400263154083,0.6997154919616645,0.4748305530703384,0.6336716239045197,0.13754793808494775,0.07380399842228477,0.30502716971311084,0.2877602767827839,0.3323199014695173
SYN-0440,0.01,0.35244215246783045,0.41218774571638134,0.1181446735098492,0.5714153773977071,0.28974839638623345,0.06255478739837522,0.08998045462139168,0.16404870235113672,0.24554778639137823,0.5644840836303671,0.7059291915218582,0.4612752972820592,0.5119016121908126,0.29091924877809044,0.2591052079886258,0.6440395282030534,0.5793843596009577,0.2306596602830913,0.3394617106890594,0.6367217168193136,0.1391751935438988,0.5559831195172504,0.4561315015747144,0.12773298564968877,0.6973867193394477,0.3400897024534433,0.48728942438640865,0.07787460761641296,0.20679892984759551,0.4029406470542154,0.2688005548144821,0.5423178681044645,0.01,0.04331056913918757
SYN-0441,0.03440729495754066,0.24453338432294686,0.29247537171948,0.3414619539120255,0.4769755208865405,0.5148632570013232,0.3792655413218959,0.3263327289392301,0.01,0.24678371707560753,0.27909994654050324,0.99,0.4745358664723586,0.4725248210494775,0.6726272473802534,0.5750089400472198,0.4546768628787571,0.5108698624035037,0.2245542908621989,0.10506662217665413,0.9697422874774754,0.7404475671198012,0.12578074486507768,0.5238703882312483,0.1963917591362332,0.49841504612980436,0.4056672139887615,0.5585085031316769,0.5616221040316158,0.6115802597201354,0.48257308596169496,0.39821185525988045,0.2548096788605612,0.01,0.6708142852750294
SYN-0442,0.01,0.01,0.01,0.12748593069493463,0.30119724325385283,0.02766282570777391,0.01,0.042814721580716364,0.15785928478072192,0.01,0.2792815172101346,0.1283736764142334,0.2860017194315379,0.3599296673415381,0.513696390303504,0.4539982194837421,0.2825962661964463,0.30412451970183674,0.28100062221115596,0.19353979530203325,0.5568620353862058,0.24913086108916116,0.39993276689256335,0.3435483007052244,0.23299828507769077,0.5777991343606622,0.2684272474719866,0.44234716614641023,0.20387879232737965,0.4174455033649405,0.39343032050579546,0.6547409072487493,0.6378147304252715,0.18234100842507153,0.4426052698439026
SYN-0443,0.1308616962935423,0.16212844238439547,0.5580724679116421,0.40710132540768684,0.16525226945635046,0.319814508096723,0.2314058272569777,0.01,0.2599790743244398,0.43824136872149855,0.1052218665627393,0.5894536732007443,0.6394727643080681,0.5130063154039749,0.40864947651711797,0.5010400630076086,0.3771945058781742,0.3196875041274083,0.6056184125728381,0.36990035658450265,0.2862752624126411,0.41700625831017357,0.23116030476949573,0.9249439712495644,0.6352272541933834,0.49341924073355276,0.20721651599703775,0.5644822814504347,0.5551175712841255,0.43247925535458887,0.5511728105397745,0.30309690054548816,0.20878697666468157,0.01,0.2050051750225424
SYN-0444,0.01,0.01,0.0465443760203818,0.076557963502164,0.01,0.03447671443468414,0.20081063172568386,0.011878016917474879,0.01,0.16690853510476433,0.1937379312462778,0.4862358981492123,0.23479167841609355,0.79714085196731,0.8074853458168423,0.27094508863798816,0.6759163487847977,0.47330764374378587,0.3791371543972408,0.23213461064593127,0.41834180673234916,0.01,0.3584122733269035,0.32593300890420185,0.4617396160420889,0.8131089012797079,0.3840162042793611,0.40093625040064124,0.5919154484051886,0.04028244126874739,0.23882697143774945,0.18598108617715647,0.09979681478965854,0.23451413678918512,0.18418440633739785
SYN-0445,0.11209949978713332,0.17982495227901216,0.307707040294723,0.4580673456387101,0.2483988308517207,0.34379038812797286,0.27972569235124156,0.2996956004460195,0.01503691672900137,0.20934538872474404,0.1235578859493077,0.4714425103930212,0.5882352352326405,0.49591263861927004,0.5292968226487924,0.05187523966564206,0.4672722848118659,0.19605601604502534,0.14300522720657027,0.016983459149057162,0.33676428245584356,0.06351662336780595,0.170147648693686,0.33923433025564304,0.4824174996749806,0.24443836074496705,0.28877971496460086,0.470476398474049,0.35713995803450305,0.5471208165791117,0.3872429600924229,0.13901198606918816,0.5334093053106224,0.23673843069932127,0.01
SYN-0446,0.01,0.018658468176531218,0.1258047449426632,0.01,0.13486461919660944,0.01,0.01,0.496861277285645,0.01,0.35605470872455625,0.39128906243132733,0.18595098969153936,0.6449087435447544,0.3257942616620153,0.4606544402344709,0.3577755986411614,0.7501029119774972,0.3364118658150595,0.46778700508149357,0.48616206836881903,0.4653446807964413,0.10183101481367346,0.4923125445381785,0.29725305787665857,0.01,0.5745818531414069,0.472954053827713,0.8246676968454908,0.3377804387209341,0.1557191342512002,0.42492831515459095,0.6649457398932159,0.4182557428155518,0.2879513406940052,0.14122561793499633
SYN-0447,0.07641530159829105,0.6007080475708888,0.5160924884057189,0.4894082831062166,0.8330463885461892,0.415932493958523,0.2740663810021721,0.1212057196573556,0.1789553831796359,0.16249380267537028,0.6162577792560474,0.38938858823665656,0.4530507496150473,0.25693926452282734,0.8336482414503606,0.15080763650158396,0.5239202734841301,0.19757795082309929,0.29042385818708216,0.5109510199734146,0.6868426233383591,0.5844744034630107,0.2745955830469539,0.6583585450735443,0.40108708719180886,0.7784673130675042,0.15377373773205827,0.6276350095492481,0.1609357320253257,0.3592956042595967,0.595998839661151,0.4771176556715852,0.18796707732019124,0.3388571248732791,0.2823936607292743
SYN-0448,0.8093523562286549,0.99,0.26051906509261324,0.7962852668473106,0.579081126048187,0.6198157493275024,0.5330010532855873,0.8961840300845756,0.8829547667253828,0.5051213821935095,0.1905681853326907,0.6260053500613132,0.8379434191124204,0.40124613412586846,0.4860851302235874,0.704404488803627,0.41039856515600287,0.3711622110077562,0.22774663759231276,0.2904765919199101,0.1380007669487268,0.3167828497502827,0.5122910074073052,0.5836071289098481,0.24242847703916884,0.6470618347771293,0.1267449122679732,0.8220163990121498,0.12842732658154257,0.4017462057427088,0.6039654759872601,0.31848740894330546,0.47586975419977895,0.455467259949859,0.025507635388558048
SYN-0449,0.01,0.01,0.18592774386956573,0.28966466828634446,0.23246463553102142,0.01,0.09325892213107757,0.06840212774615397,0.027090753708971682,0.01,0.08970017256337959,0.17919038291716366,0.5732200753780138,0.6552459742176925,0.2113837041362563,0.24888651508679255,0.3339919800163384,0.6275989884329383,0.5192979880326505,0.08583184078767588,0.5395914177845763,0.296482591594785,0.39501774647016735,0.11702648161034906,0.19866269032194206,0.23507826439324042,0.46085330151961607,0.10199018770250223,0.09705866424525492,0.1606076723190759,0.023099473955678795,0.24495128405318023,0.34068936802643535,0.28198864705529303,0.04604301627814547
SYN-0450,0.862857184785653,0.9277716953941765,0.507221019255173,0.7410203159151043,0.3428661929944762,0.5383237960871471,0.7596833367087282,0.37483109319404867,0.6370148923043653,0.3657199255059151,0.452099148273368,0.3067399611393661,0.6957847819289656,0.3952024616250506,0.8120676508518456,0.8431211541907206,0.3071350811701877,0.2562537922738012,0.19147626402666895,0.6736004205034563,0.4089142834956477,0.5022732670955635,0.7197319239012785,0.5440126731204643,0.35345065220049443,0.6040795822480295,0.01,0.5524556606245976,0.16323036836166804,0.3799845605259467,0.4643823441729142,0.05342646570051779,0.33016704438587335,0.1599705662130283,0.27973396838498227
SYN-0451,0.30481500539682516,0.40428958666281334,0.19799517163414226,0.26963400388179104,0.36190032369214337,0.3226114648002951,0.15714118293126136,0.6705521565475936,0.1664261911227772,0.30586160440141325,0.3851653771303406,0.36269313867606545,0.6447015647120159,0.12308139275977292,0.7610949996741687,0.7039536031982196,0.6494786000706151,0.251985257250491,0.458800776502574,0.20792807573733646,0.7266551462675035,0.37400901777444656,0.0443997578212873,0.6909596159497914,0.1269901051351709,0.36326666913352795,0.21027952228340274,0.485065895005548,0.35647521111378977,0.26301070137599214,0.31506844133246287,0.32066914284497205,0.5087248775090187,0.1568202760192297,0.4367185690822476
SYN-0452,0.01,0.01,0.4080695760311533,0.3562020901777238,0.3557375217050726,0.42284576225785586,0.11333812174568894,0.01,0.01,0.336316002459249,0.1652808747924622,0.24765639780593768,0.5032521123132911,0.5145682120339518,0.4593647061006812,0.015545122082712415,0.6706586762675208,0.2764527199804685,0.3892531549613392,0.2733957184103081,0.3600944248975849,0.15173205867817524,0.32321359528738125,0.5663183144028425,0.44730801037520174,0.4576604255770909,0.21569407280221778,0.4378659862812375,0.862852649449372,0.39726574999486913,0.4500648104761748,0.22282542993293794,0.31098865261945874,0.36796127120814526,0.01
SYN-0453,0.05016583079394532,0.6028857369272964,0.436761609225069,0.5391020867635051,0.4548251003920995,0.15132740902489458,0.42510087741726854,0.671062827690527,0.18769015031442743,0.2325261537287172,0.2543664419856293,0.4521698877026643,0.4201429917481416,0.6048197924983744,0.6792691926532317,0.4442357014202049,0.4200628495735,0.18970354609900825,0.3357733115629107,0.42820519153404846,0.8450545809115371,0.3254351332353842,0.025597396953325413,0.4663860053295505,0.14495631222547262,0.5731080581706812,0.37883071643203214,0.99,0.4583253380660462,0.4875858248120575,0.347479271284533,0.1859104737420033,0.3974890782540708,0.21298316616973037,0.01
SYN-0454,0.42337211318697887,0.632898200825376,0.672992621764468,0.48375644499607107,0.48695038701082144,0.4774430094062287,0.19268504289530203,0.11060724885018089,0.29167410535273525,0.2567479788831999,0.3713837631698194,0.6061102925810699,0.5600716158890207,0.48277751611776015,0.41073372100150907,0.43286832034056344,0.512837143231495,0.3192726311319583,0.4750681291809527,0.2094764149808363,0.7350991215303073,0.3404553821527148,0.06941436136979934,0.4075252372011454,0.2442388559416118,0.4251563247382517,0.4162682073949351,0.5148060186310949,0.43297257895228713,0.5164832633423992,0.49343872658667143,0.2386946141718506,0.15260634873082146,0.32890662152889605,0.18603198852949318
SYN-0455,0.99,0.99,0.9135549194207624,0.9031481865433044,0.3806777869948379,0.4541797180514206,0.5947438397727074,0.47928184156531617,0.6193446401312453,0.3902471984104412,0.5749569076665098,0.5468946373359724,0.8986120468216807,0.0580641411976609,0.4454242890686779,0.5782540906769715,0.3694941879846376,0.5454594624478064,0.2168503978190921,0.6877023453760502,0.29876495636874295,0.37595388536964025,0.6053864634639808,0.8476066812797585,0.24298330293144027,0.7286480063741286,0.10140425593311186,0.271293792842341,0.2908817601257142,0.8633099086431291,0.5467316458906925,0.5990561167967479,0.3647840860505757,0.2971140043413646,0.3163429579700289
SYN-0456,0.01,0.10850152434982013,0.06155060766731246,0.133186975402097,0.09297728920960932,0.4790710705910959,0.20801942707646767,0.07645554152851858,0.01,0.24487446648633565,0.5194875861190948,0.354169375325141,0.5699684866393544,0.33362066315697647,0.4042163006287084,0.20353976778923083,0.5669618506266042,0.2612628702224796,0.36822276582381896,0.15154863443913735,0.6487643506120133,0.07432947399893927,0.5543123557842478,0.49309763398272805,0.2312827029904004,0.6918365379074356,0.3719907811667113,0.3839611641674864,0.42625567891314164,0.11772880163620786,0.3757556807280702,0.244569710375716,0.3241013068881244,0.03531514865031213,0.3937835207432727
SYN-0457,0.03842170947465781,0.8270880636700486,0.33451375333986344,0.3164082020251518,0.1906977364161978,0.41664736181747786,0.42273208051543076,0.25068332314705877,0.1590624620743134,0.34758429962161125,0.5271820653790936,0.584721871767,0.4266158628858787,0.1696594649777846,0.5214072686422461,0.5529861045170632,0.32022646259580845,0.19085661307057733,0.32472988888965254,0.3932897943471801,0.8244043439374992,0.42548755051027265,0.03423476171188242,0.3925032614487574,0.5126568013274866,0.36700146715824844,0.19719192217820047,0.5276829792425307,0.11469777498820388,0.28989606112789684,0.5503824783818114,0.3689474309921078,0.21231736125604006,0.38858132633878517,0.344410450378674
SYN-0458,0.1743832471496247,0.01,0.44240215012707107,0.5666067566883296,0.6169221982908659,0.4071649832455816,0.30133001888199185,0.155466642413627,0.42716554670757656,0.24829657331543326,0.2044244360960467,0.16922279679913604,0.6633821625302897,0.4655041155306616,0.3545853051878386,0.2589833667150405,0.5684696303443366,0.6650575411206645,0.17685396668459544,0.36534150529478504,0.5598592398875208,0.2782910834068324,0.5302412904157858,0.509989110644818,0.12103243718539985,0.6481442506497127,0.24862436603223792,0.07236865288545014,0.28938880851004206,0.3529129094445529,0.3955198506629648,0.01,0.2479375261890118,0.16794634533623892,0.3573500543527869
SYN-0459,0.01,0.01,0.01,0.02106242028485962,0.15264255348762903,0.21452756089605926,0.019960873565820075,0.043220755774248845,0.22687801524827755,0.22390654367911975,0.3403487777431142,0.01,0.44503937817226474,0.3980528359299614,0.5391555424255923,0.011699721219695203,0.5374349148413425,0.38950530295316765,0.4620526040259555,0.01,0.01,0.01,0.41260545377417474,0.34605109179683463,0.5084378865886362,0.5425288382327139,0.1139867426287858,0.2979128802946403,0.25582710448558843,0.2666115120079606,0.1655477115051434,0.26116232085904534,0.28257894731498245,0.2858153346528039,0.4063330681559454
SYN-0460,0.963803875697396,0.99,0.36159974245420384,0.8469289299450831,0.7615195445526322,0.3309736659402389,0.7985114689601961,0.5823409714436069,0.5134493051434064,0.36828043265694,0.42202967878893116,0.527161413224353,0.8479380472932547,0.3009875543114105,0.5392122766595674,0.5670098643110362,0.6113912476096492,0.330478428119215,0.3581282588589734,0.8032638791956612,0.2572534348234652,0.12245738963821307,0.6757153172080737,0.7694363723933224,0.18869807243714254,0.6984525376081269,0.01,0.7870129733339046,0.31573846335956357,0.5405061271388049,0.99,0.6573196440365175,0.05665820568478691,0.23057085908420866,0.1422057754471706
SYN-0461,0.01,0.01,0.25519410420012584,0.01,0.01,0.1297057920604783,0.14193832151798264,0.3338047162675733,0.01,0.01,0.07355666912684825,0.01,0.29099762049591005,0.6191313334102461,0.4640630393367525,0.5173606165187612,0.7929045879163923,0.5162963966111483,0.4201172833263658,0.10458206080999836,0.6118695737817421,0.2879576067569077,0.3130301575187815,0.21616794120762478,0.13452129860541506,0.49692032842454725,0.030648770097647215,0.5655808568945245,0.42597247232169777,0.35523352112634937,0.5148039808607761,0.14580289792993667,0.23313605752907077,0.3278227215351599,0.2257773064894561
SYN-0462,0.01,0.01,0.21067555447623115,0.1624312303831903,0.0500047093424299,0.01,0.13011312253946583,0.01,0.24924582719641025,0.11830956058489134,0.4222047096281919,0.2534386844562486,0.4374355084039979,0.45580250317165477,0.5386926382893482,0.4249614089063777,0.7663023357316987,0.2747023441425207,0.4235036971161119,0.2892662398073065,0.1920169739093724,0.23658739603374576,0.4474634152658981,0.7441140253010521,0.42681694179579865,0.5720939901082026,0.23281407656479214,0.10187931319728857,0.17845584174576812,0.298133588468406,0.18867220175410748,0.48404599090745193,0.4053504530720707,0.34466764468772654,0.2941513789299925
SYN-0463,0.01,0.10565251892047513,0.0759735969811195,0.14008935810087192,0.3484613075414454,0.3761361485848408,0.3521780087384281,0.05333724794755962,0.1473785332025246,0.19207331873448624,0.15028430825981176,0.30046440497870236,0.5032692356750643,0.5874361493608916,0.5850134700545746,0.6447255926353714,0.6621687097986153,0.3470885364391415,0.19501894356418345,0.22412923051663675,0.6838697790727584,0.2674975485752339,0.4577451643503777,0.8102726148143183,0.04064778669178787,0.4767089454585301,0.03624885599303865,0.3831741895215707,0.3367241048584071,0.12412444058114294,0.5730330759792163,0.01,0.1312027790090951,0.22458236314144012,0.21398487586965464
SYN-0464,0.01,0.01,0.01,0.1610241519732039,0.01,0.01,0.09390164436818016,0.0988711237758992,0.08460391343123917,0.01,0.24480446631904793,0.01,0.36974222068076545,0.1812173099175216,0.5451726778691512,0.04835422987566662,0.8723826701090189,0.4293221685271498,0.4120800109300255,0.23420673150195107,0.5256306517312102,0.18153120552755378,0.6301148904021573,0.5732170301394491,0.33511043541625307,0.612250973497684,0.43882042399758125,0.2078358105988729,0.4568581450948819,0.14937383551896458,0.20203514302178094,0.28430008260111234,0.2489076736015277,0.35474193742746635,0.09760231113717507
SYN-0465,0.9829824725124932,0.99,0.5728903020651225,0.6717589465142151,0.675679029643204,0.4246096481108619,0.8053713888073883,0.6790088205477876,0.5928011805837269,0.4330018729156256,0.5510667234677259,0.6871605438627688,0.3676294992575227,0.3211612770994875,0.5078306918698064,0.8392331523874831,0.2744667826252735,0.2798333377043378,0.18216197283360208,0.5191875498759201,0.5144009482713416,0.650847298246959,0.32761157268212876,0.6907997857171362,0.3174305278444144,0.5215749886813839,0.464082429231173,0.7844994013904458,0.41768250897195924,0.394095936704848,0.7937771439416469,0.22537785878898342,0.41791172718052716,0.1821224917444226,0.2814052447862828
SYN-0466,0.01,0.01,0.01,0.20780803584816693,0.1741954462440702,0.01,0.4030085229532494,0.20016269085021807,0.19318078522671606,0.029454877380842112,0.2109548511006129,0.32009902978622373,0.517365071302272,0.21324146837577812,0.30945427203491954,0.36987261612142186,0.5294643746154079,0.364609429183006,0.5584422568020944,0.01,0.3439048451479683,0.01,0.6104807662727141,0.45485422767694994,0.8654056191779645,0.5353701187091477,0.4089886511605682,0.5049754948057633,0.35222329808444014,0.2886252404507432,0.11396301105526957,0.24121970920560631,0.20394310697277324,0.01,0.01
SYN-0467,0.01,0.01,0.11871832448107084,0.01,0.01,0.01,0.12155035812512835,0.01,0.01,0.16048226573666527,0.4189939660185912,0.2802246285152112,0.6277199979469922,0.44635481516573067,0.31810622741848815,0.2692014540957865,0.29919288350500983,0.47536619630648036,0.4954759470900487,0.18665912518973937,0.3462836085780775,0.23729631581119193,0.4797918784473536,0.19214377690671758,0.12561227774922676,0.4608843684018791,0.27360816175554864,0.18766606661984622,0.23056741843819029,0.33661174938645866,0.22068296427204454,0.34924700672242576,0.20432092875018842,0.31698394941149277,0.27818088303555766
SYN-0468,0.99,0.99,0.385199813373125,0.4241393631008167,0.36192683900420286,0.4237511083497436,0.5487340932628278,0.39183390241438393,0.7290868910515701,0.5340699897555481,0.4928586599277181,0.5875033804677291,0.7338656356868106,0.7197453058706812,0.2118492547051754,0.7098223739771795,0.3041761305779447,0.5109830050930242,0.27494646441323073,0.74124723168333,0.4681488327883895,0.4107993948519691,0.47450539881022546,0.6051934835576269,0.4609758949931526,0.5592246351312149,0.361442613825788,0.2798435722891205,0.09060224517722978,0.4160488885027959,0.6754409684724819,0.3757867856620015,0.5841047167995888,0.15458505024406094,0.3017586373651851
SYN-0469,0.8813543797344368,0.99,0.4355400811095952,0.6300861175596502,0.33814426331151615,0.33042434926287356,0.6382123214683136,0.5675372554165964,0.6379022693894001,0.20136293797684351,0.4727098172703509,0.5485150264458499,0.591893724075755,0.5647889621115283,0.5199754723774885,0.7569804412298833,0.6073902501542874,0.2840347197590058,0.37981518254884705,0.5377384039174316,0.41818308221685774,0.4126087226411966,0.7287780960839803,0.6345008671699139,0.1880463223205883,0.7764975370052585,0.09006675254658619,0.6718675961941762,0.16138772078348687,0.31946910873077344,0.472215367184055,0.055805632012357276,0.20818066481081082,0.2029958787179345,0.1381656516929091
SYN-0470,0.01,0.01,0.18575241269178477,0.34801916661854804,0.3231754567498631,0.3091640171801614,0.03691012153209636,0.20797883980553886,0.29055445465436924,0.2926386112511572,0.1824072410521761,0.3509798339870687,0.5822988301248042,0.6193851857098787,0.13228104213974728,0.29916328240677564,0.47369928974627085,0.5347780177742206,0.4209746764358541,0.01,0.6282740567739681,0.47757920525822,0.23922067395762228,0.4395082636433091,0.4055891779101786,0.1773253741191284,0.20900770683497719,0.4344005910537846,0.2571389367257284,0.411025338346004,0.3934383945103537,0.2089814563308316,0.06631384898737294,0.2936120950263508,0.21889556982417685
SYN-0471,0.022936103193156337,0.5329946308151885,0.4248718445307663,0.3526504578312408,0.5100309369439707,0.6009708916119313,0.4395862871277467,0.35806148709027363,0.10094743131588735,0.37706608073850056,0.1736849963611742,0.5814919297421925,0.41288201855734974,0.541597529656955,0.5945078547882748,0.5089613649059401,0.6866020690076341,0.19694890344472932,0.7863868894393005,0.4553551137284988,0.41348353852908715,0.3640892211967629,0.01,0.5835960752815077,0.23997151821903945,0.5844352836253567,0.20299894707496569,0.3958812724713149,0.2009792488559585,0.46173486370549754,0.5021312927771349,0.2586526899382857,0.5061796346070246,0.4155328764843765,0.4696236599037956
SYN-0472,0.01,0.01,0.10468490490039539,0.09482509629685196,0.1227308610479786,0.01,0.15145709854456235,0.1590519547246739,0.3468856463570382,0.6084421600598302,0.47839182787447104,0.4510794272505935,0.4933173120435469,0.6919165440023025,0.3081922220199553,0.20115891380554374,0.5238893940809216,0.7071724060552852,0.33979806047124705,0.22479982125694875,0.4085149140447076,0.2426212062725323,0.6222855873278756,0.7024344699893441,0.06371161236150935,0.7413402812445199,0.43409191005274983,0.2164802952174496,0.4199855975118305,0.4314891473077356,0.28134594338662733,0.1722873418036063,0.48288114564176626,0.01,0.43259874462110287
SYN-0473,0.4369145034668068,0.47637465779223676,0.6315955344411827,0.37280947517643015,0.3053877909783549,0.46911806048554355,0.40971759973751537,0.23251017014404024,0.07689462854331955,0.4585405321512585,0.29476672418884353,0.6268382623363742,0.7848032954185431,0.3263323568868819,0.5005130650580593,0.3313842921766445,0.6014145592078711,0.05703308359079462,0.4183147447031959,0.4700710987719347,0.8381226178695796,0.3545224953340208,0.16915966394601686,0.5862793396008745,0.28635944641032796,0.7478608172862464,0.3919941608344946,0.7551675291082897,0.01,0.4199734462734275,0.48124551083399525,0.2411317098638539,0.37867444145234497,0.11884679818999777,0.04299501071362197
SYN-0474,0.01,0.010860415939680929,0.01,0.01,0.14958922829320476,0.01,0.07316498907584093,0.01,0.03689899638716909,0.01,0.12419326732658655,0.23423378388966715,0.14394407924745672,0.5765343898647891,0.7985062776641308,0.2905428785568354,0.3136091964014259,0.4289692737367791,0.42392264007307495,0.391951166765168,0.5924595211136146,0.3073872232354359,0.19509086509867496,0.7598128981338171,0.08064325653421855,0.4116488899896904,0.5391964361522233,0.4556094057708612,0.3564352950415656,0.2692489926340979,0.47046408713184873,0.25913630594110987,0.21660087708920833,0.058655911840029135,0.3180367085204231
SYN-0475,0.01,0.01,0.12311083420861738,0.01,0.29598796679844364,0.01,0.16945999128521108,0.22660403286075426,0.01,0.01,0.0730502392895308,0.06740924942882145,0.3788933288801891,0.4814809334597178,0.5415076291558649,0.19092201939820427,0.6888645085128917,0.5070157761352218,0.5031402890661104,0.2506576138916733,0.2813246254789103,0.3914869081338116,0.5748885131871233,0.1899794430889828,0.21479388674834804,0.6898910551586324,0.3687381176534008,0.5638864616993448,0.32182450871689444,0.26453347249220227,0.10339391323950645,0.2883140817889019,0.25363356683852833,0.10119035898782094,0.40048521783270463
SYN-0476,0.7408222560565605,0.99,0.5661007043779774,0.6014997831738974,0.5100620439066916,0.34722985807449275,0.6105880796909965,0.3829000865615846,0.12866604712596308,0.3961714873152778,0.4235283057432151,0.8299532609823749,0.5633550014085982,0.7227546555552835,0.4383398085042598,0.6356255880722584,0.32307831667156134,0.24836179128884567,0.3580657077032376,0.5076689030471027,0.3686426018000631,0.41928049701175607,0.34681781532476275,0.7002751613677838,0.30107557846917776,0.7928128322577915,0.332944289328335,0.5821968599850804,0.3358039157163612,0.23660300673788953,0.6491030866515911,0.2535580693687149,0.48363895366389,0.13713413082790574,0.2472510562586928
SYN-0477,0.01,0.271277215084669,0.1830823750773938,0.24476319285553705,0.01,0.18246707413844487,0.10000297806865713,0.44085499274077566,0.01335047306608761,0.27702036546399367,0.01,0.618199288032385,0.5252728317469093,0.48393081929739035,0.5909583576484095,0.32067597644924123,0.4447555728617088,0.07831219159468217,0.4480889341586896,0.4770824187805237,0.7912039840034407,0.13645874821341228,0.15092467223031422,0.5694746897229298,0.3601492171717111,0.37730513791028847,0.0535525644949561,0.7852673966954,0.28148070762815214,0.3364440265127516,0.41895024475300463,0.3484753931335305,0.01,0.348560371170898,0.18728741143047728
SYN-0478,0.11003931513725061,0.16166528432553046,0.20569469646216096,0.36759065142689035,0.40625999739896684,0.23484215974625955,0.14202051088701054,0.2043835450740448,0.16917391991729283,0.2001050514982639,0.1240916008976739,0.4004979928254678,0.24874592259564415,0.7979525225913239,0.4212859628060369,0.6881068894573141,0.5280258568839734,0.33710554996942815,0.7000455613211862,0.36094062297517115,0.45952333748378255,0.01,0.3068522977809642,0.7036043386429068,0.3259038171302832,0.43473454893633867,0.15720581797333172,0.7388022019098592,0.38172971209215645,0.2616410640520935,0.4094120098959998,0.21380270813613067,0.08427938433414298,0.20474672650794642,0.30145795037363426
SYN-0479,0.01,0.01,0.1007825820036766,0.27283735255332886,0.01,0.01,0.10432393376573365,0.01,0.07585089535654879,0.01,0.36038842359811746,0.3679910779744858,0.43784848112759095,0.6153512397559916,0.3612381638612078,0.41106968541245087,0.48191771951494417,0.9575619511187892,0.4377280177377601,0.10215290428152007,0.145429732429215,0.14766518487923863,0.3178367832985243,0.42929430556284043,0.45124377328980053,0.5771657126697112,0.37607676389826517,0.2788105666596849,0.2733373374666258,0.3080915513463454,0.31494995912233315,0.5292879630764492,0.3403056174674624,0.33918359135040466,0.32273510998835964
SYN-0480,0.7297669860271059,0.99,0.5404066672168211,0.5487785343036415,0.5264953817251395,0.3418669337053646,0.47595802022936945,0.7485478391290595,0.7508977858071241,0.43558257697330555,0.34984701815874314,0.4030092054386939,0.8069227765539666,0.6284505885823215,0.6556030549826252,0.8283770204361696,0.4453731949953936,0.23701290660639604,0.1766743155114641,0.6208200678020107,0.5372102414913277,0.48209557271936715,0.5441190535333906,0.3764376902484621,0.3840140995840016,0.7320931450563418,0.3204313016723156,0.7860838897746587,0.3876247742402299,0.5192971117970366,0.50510023786272,0.480860242517105,0.32294686042833004,0.5597001993958797,0.41014176369082905
SYN-0481,0.227302368200461,0.4988565008892907,0.2290727193875986,0.34715232240072763,0.22467359447910512,0.3832636097851313,0.39461404489139595,0.31506577591315654,0.11559506127187616,0.11876670940290396,0.13790232103481617,0.3296503707957873,0.7446224876317464,0.3536544616900514,0.7509400062283431,0.7371509481043544,0.29757345503273286,0.2619454460527123,0.4799720084254057,0.5134562138129924,0.7127043477475598,0.2856778645884379,0.23039213881283077,0.1426655202585984,0.297535841729241,0.7144214815477588,0.24372707281649303,0.5550457821906001,0.47489726100667445,0.34409011463792566,0.7517824596230502,0.26797432807287647,0.47713308712127034,0.10120622606030687,0.28899191306725863
SYN-0482,0.01,0.10409551083920454,0.01,0.13429537871313513,0.13320926752512624,0.029395283737225344,0.01,0.03152011201398583,0.01,0.01,0.1115236792526666,0.01,0.36574515354690873,0.3585229927952722,0.6473889655187499,0.28729245639063405,0.3016290002615527,0.4244428287053302,0.3688818460568277,0.16383612146992613,0.21270624918564884,0.3505780188684087,0.619848238257642,0.3578532312086997,0.3853357196597592,0.6771592816774338,0.3559297213109454,0.6093077027041722,0.13307991070746397,0.4561005273621279,0.21457495880596753,0.3021580660160388,0.19919257663400594,0.29715883114475783,0.01
SYN-0483,0.986439934216352,0.99,0.6581606294827573,0.4720655376864034,0.5263705399446356,0.31805388782120486,0.6519604296853987,0.5556655997533201,0.7735592853439842,0.4200124703111586,0.2619342393092161,0.6509425068927728,0.4265035483786229,0.3993009016682293,0.5062356092156527,0.99,0.1804600397165202,0.4947865683568987,0.4270504214047032,0.4505996599693438,0.33122129710389514,0.22401772578237514,0.49438663296825464,0.3148387746324597,0.04710368615464755,0.37655023152951295,0.01,0.6178689244619662,0.29601900872890885,0.6089065516724034,0.6292558784498846,0.425000455417735,0.4111905553896082,0.2529846499466329,0.33058342055956075
SYN-0484,0.6990034499565734,0.99,0.42895875139583556,0.48408896150647607,0.4432751690106443,0.5783651711607063,0.8210108007057384,0.8635656574221869,0.40596275052925346,0.5260320946062624,0.15188396236531246,0.4765836835340754,0.4056156175155686,0.5451212335151706,0.47595882083196545,0.6097754432806048,0.14429868677200774,0.554490603720706,0.30373412404040057,0.6730362334768806,0.8313656199247854,0.4521465542911446,0.5257597803272729,0.4743092425962421,0.4550372751221457,0.5000056087971059,0.45960512036783135,0.41990676995541426,0.43040465541634815,0.20965524910142241,0.5787681626119853,0.47199611781406714,0.25952939564883626,0.2530825447792296,0.19712902602829474
SYN-0485,0.01,0.01,0.01,0.252041993611661,0.07340769491981436,0.38119448411635515,0.01,0.05620918074632299,0.29553691139793303,0.01,0.2654833752886029,0.2757338741026668,0.41016529564751375,0.866154723776037,0.47780044102984387,0.2665741758924295,0.7167010313670678,0.45763052033587814,0.543742847018359,0.29932315259664244,0.4074546078714793,0.317894340083469,0.2719727056055843,0.3750080533243213,0.16146574632671315,0.36984358331016726,0.5841459178337327,0.08493118052185,0.5836770980133983,0.13908755223801514,0.5182492376138057,0.3824146506062971,0.09398264462397848,0.23388042485269145,0.26896383368705784
SYN-0486,0.7808436050875415,0.99,0.20123005936055416,0.32595723074076804,0.35402650938908686,0.30274877521411575,0.42399254678306786,0.5724001297282368,0.8902775460430011,0.35139981140607934,0.20426082932916073,0.7015547800074304,0.5561441420477761,0.18193404362576443,0.5132761778905411,0.6897788813148851,0.6947733785028415,0.27360446252079085,0.29193401815609316,0.549996134460793,0.42224472847438044,0.4321960343268541,0.4875301004024332,0.21417905509488622,0.08776694932946208,0.6720767908285111,0.1962341946446789,0.6523451691589122,0.4391921570535384,0.4528774619645993,0.5125284259796595,0.31470066303750593,0.2663261828394332,0.3453865953556084,0.4302206093012387
SYN-0487,0.01,0.01,0.01,0.3143631818112334,0.34766036174221826,0.08786684549807022,0.01,0.387000219911401,0.01,0.2495163381454276,0.24885852993434496,0.19269566298795743,0.5631253082780083,0.4859400629174681,0.7983128272097542,0.4063789324462492,0.6460813745449565,0.641886688935041,0.49212649831208244,0.08671198752325444,0.46728288217452024,0.16284893838919595,0.5150250473658206,0.5092118125313968,0.18635705980266165,0.5241573693084111,0.5260735536162018,0.41834875002013633,0.3165043432569928,0.03981417824442246,0.22226476826153518,0.40505323235836377,0.20920185497497185,0.08333957368784423,0.16540987146714023
SYN-0488,0.9316357850974321,0.99,0.5248862795414877,0.4932850780016609,0.3341196447910395,0.26345847806358835,0.6134257098823618,0.40460026599470256,0.5962904977596593,0.3523390951095552,0.6480240649574669,0.6424393423051814,0.6981123277546819,0.4407724552794555,0.565716435083123,0.513999409905005,0.4092796195310486,0.17684776323716545,0.18566963220080768,0.6595554725397547,0.3931423808293453,0.4148882958617884,0.33152185303258785,0.5733677616837544,0.311139853783796,0.5753355168365891,0.3156843998586313,0.5696081970631902,0.4966000801101812,0.3912765797674461,0.40482580592570894,0.19633030265927262,0.0810901756050929,0.21393420329592985,0.10983573186721744
SYN-0489,0.01,0.01,0.4194604400041608,0.40302411970039054,0.41070654074032575,0.1180007357040854,0.13081891193730688,0.2077103800886979,0.01,0.4184054475199979,0.031148642784896236,0.5216462250991772,0.6181521716672804,0.46949247385732895,0.3713751627107996,0.10815980660673893,0.5984126903982668,0.4519497087463611,0.32616366635077476,0.13623926570726447,0.4782210466545851,0.01,0.5107944815964797,0.19378130696873475,0.2543689600707791,0.5382113330628122,0.4060485916889641,0.34251204508313204,0.13184113033730266,0.16036567554421083,0.5358615210273485,0.36601132235484224,0.17706585657663187,0.01,0.01
SYN-0490,0.01,0.4039815455870626,0.25754395961881116,0.24787243414934151,0.02021118242906761,0.23962850579295827,0.4844168655540859,0.2359948724238367,0.01,0.01,0.4216905230081999,0.35867956074379315,0.8602234794691003,0.16310480017044432,0.326691003747673,0.5369224835454498,0.6893876690604253,0.37936193707411947,0.3918096317816568,0.36303258093096824,0.5831366959056479,0.027787311586097263,0.6231627344540316,0.252281986899058,0.2640580666963785,0.5966036491202793,0.3249678540440416,0.3606232105166587,0.04898159129602153,0.31926730650448665,0.5550768543990162,0.6127682642056298,0.34077650458406217,0.12460623804982685,0.01
SYN-0491,0.0998387206050923,0.35565506754555987,0.3996779483278959,0.4276747998607263,0.3596892991292442,0.4055927935745946,0.43888749380587677,0.0952822346289354,0.14543122036725437,0.35638084746666654,0.34636883770914284,0.6953785078994228,0.44046455589015443,0.46045448234050934,0.8173395472401834,0.6105972995348851,0.6329810357306772,0.46593558777399396,0.4173091938808954,0.3294237241160497,0.5522091117516782,0.4194607733963982,0.03434069201679402,0.6140574690818255,0.2706219798075755,0.5370342712876202,0.17476268890445323,0.7494071272465745,0.39355154926273034,0.1956451791955808,0.6483498660056715,0.20430248313842056,0.5626084932020397,0.21567344094962154,0.11746836299243456
SYN-0492,0.7187647527920179,0.99,0.5198746379621496,0.6955933934654603,0.5336416443208489,0.6022487525564927,0.5113838236574021,0.5037061021913097,0.7241585238919096,0.4635891272191779,0.4947266183310436,0.7528560400151854,0.621873312436095,0.2733647215129859,0.5466188305591814,0.9086615082312607,0.3856671060991154,0.5387687887977193,0.42634391718203596,0.4603950817858551,0.44331083005754307,0.3962076194172836,0.5253593817550015,0.2510578434520408,0.2810674612376226,0.5628178626735401,0.29351026743911707,0.5919999962469982,0.35937928270338826,0.517783474052932,0.7020526829266213,0.23151490856984797,0.2676784856123109,0.1327078345413789,0.39128870717730113
SYN-0493,0.01,0.12031253301876714,0.44228044997193067,0.7029639961773798,0.6182299866235398,0.46104449747584497,0.07904225315271618,0.01,0.24952866277690106,0.3540820539105151,0.01,0.6799694832973529,0.2613453114686753,0.5021162184090856,0.5477589196786841,0.32120737835435176,0.5853272285254738,0.2099688297941327,0.4813881215938184,0.14980869784705989,0.5405584528745788,0.4183881078176863,0.7552935044671987,0.43938009383576904,0.2221172835301222,0.43373360608303996,0.07941429109618257,0.4532958623899229,0.2946665455008387,0.2735787688625184,0.6262375690506471,0.36016731775665534,0.07713901345569826,0.19188275161586496,0.30502487295964126
SYN-0494,0.8141864705777683,0.99,0.44938310378344976,0.6777989806499022,0.26332112128438173,0.5615458863148132,0.7866438621026043,0.149820950706737,0.6843661606605287,0.42504621641497065,0.7229609279717402,0.39103531824833154,0.5238494255474657,0.17167006254563508,0.5022721236173064,0.6301160507728305,0.48578426495981253,0.29425871412865195,0.3520706240812067,0.5186881032551652,0.4439665207491934,0.4637069330059704,0.5911466541585285,0.4133620035181731,0.417468469620101,0.12687240109961417,0.13872608501359057,0.6017280996947589,0.5978951396912809,0.24624641922637464,0.763408701864281,0.35536147330088724,0.674104818120248,0.4368852713514852,0.30956013210150735
SYN-0495,0.01,0.01,0.07216216173924925,0.27229656283471637,0.2238283018059143,0.28949350298123394,0.2309007885867111,0.01,0.04130002465871606,0.0746247358104442,0.3947681340561505,0.18230564742920113,0.31054524904971537,0.6558470731186999,0.5291806357189632,0.12149541063427449,0.7963089065705072,0.4544577469468285,0.520771765167393,0.2560377948508401,0.32074246467494305,0.01,0.6094647041724306,0.4675613007380948,0.23279766999348858,0.6397336731071659,0.3801465207084821,0.17411668328555185,0.2345170178730009,0.01,0.327719415245182,0.29149970781707907,0.1963614471418169,0.22505422950964427,0.3897277388319448
SYN-0496,0.3079072887403385,0.31544936633142395,0.43791872508026486,0.6648654439598489,0.3547295015516562,0.36085198555402653,0.12219827052336277,0.03718979665243177,0.35951986481500714,0.2022692063146762,0.5891457566274564,0.48514952079702744,0.5875834132827799,0.3012314119806772,0.7816009117972539,0.2822803318628275,0.7034149803088525,0.14753367388791788,0.2742060686095571,0.17437816713186055,0.8332414570293003,0.11917365029279109,0.27600993962771025,0.5292082344068421,0.15758002748490862,0.4755158979546593,0.29338328068982195,0.607027132802854,0.37208435920922134,0.46790148847622554,0.3600103319360374,0.23986532462695903,0.18518667308278183,0.07940265903120436,0.3389404311548656
SYN-0497,0.01,0.01,0.01,0.1538661180607106,0.124547782171788,0.01,0.17371119771825744,0.01,0.01,0.26270624150080435,0.378282861309222,0.01,0.571135135048088,0.6813483592124203,0.5766521190832061,0.48809723942305316,0.8482828528232735,0.6423751180048656,0.42671688677871794,0.01,0.4922057669996922,0.11944682071649618,0.910790343452607,0.637884481347353,0.36186311050492853,0.45936015644010686,0.06782446943682446,0.38947542429294835,0.17572227571952645,0.4999887720371531,0.3045708302013924,0.25169929645855454,0.01,0.2940415725643357,0.21657408650528953
SYN-0498,0.01,0.01,0.18320978825969766,0.5410981794295258,0.01,0.18717727284782393,0.061180395890230166,0.12134275979407524,0.01,0.2678327464349092,0.21307485456665345,0.4176155854407618,0.6365238643564493,0.8976245062772251,0.21202937810449674,0.49438716364253177,0.8167171839469998,0.34985526314049853,0.3883311542538568,0.01,0.5705576946726413,0.15543860039585608,0.5536285304099582,0.22804539401122803,0.3396572634481144,0.49317388077153507,0.3179319466945876,0.33401738765975103,0.23743778834099077,0.22330477403595814,0.21293091907442224,0.5167171830637041,0.2583137298097389,0.15245334023908197,0.4093164653441479
SYN-0499,0.01,0.26964750593561554,0.6530030386091261,0.6361711017199377,0.389698665246614,0.24227790818810807,0.3247196295164251,0.3539208478662894,0.345109310210728,0.5527257852817127,0.32070966356086567,0.4796593096169313,0.544487537571884,0.39007487715610484,0.4240040451981564,0.05795207846508377,0.36674355320624596,0.5834367013540347,0.17937943582421118,0.5124211832167336,0.5013614036722319,0.6021669642429062,0.36618631779372124,0.5739963480285889,0.3179703457635334,0.7649947007543534,0.4193832958766153,0.461876976229428,0.2552773645381555,0.5776379719813189,0.22419763527986053,0.09853708898939273,0.4329303853919528,0.17623209426460362,0.13485971837508726
SYN-0500,0.01,0.01,0.08902294042109718,0.4913982758256488,0.019412441142495608,0.01,0.01,0.01,0.01,0.20180786570525366,0.10933395582057646,0.02126154618996698,0.4334918746027316,0.34558832260090533,0.6568766005586412,0.3966298034481102,0.6227119394243146,0.3842504042419538,0.6186080155643454,0.01,0.2172408016897633,0.01,0.3831257535058449,0.16153649472008025,0.34092935598310586,0.5317569541416641,0.43036566476863847,0.37059426517354455,0.2763731021019346,0.5034794783603501,0.2865699346520893,0.5706021078981995,0.391079172090248,0.3687466410068906,0.14455943208956268
SYN-0501,0.01,0.01,0.01,0.2703907679398694,0.2892793742028731,0.01,0.23196027030922228,0.20973013717947242,0.01,0.4525240333706493,0.19594845109157227,0.01,0.23828329580109833,0.36671311098267423,0.4778504198891731,0.35793921316406363,0.6417936231257307,0.5605196121009192,0.5397616940709581,0.01,0.2780658617383357,0.16655822995023742,0.3100358523806792,0.5979574200259287,0.01,0.33694606950824546,0.25243147872829913,0.6272817195952565,0.3292130281067966,0.23138805589222744,0.012386997801217603,0.45089829971760814,0.16334290015681405,0.16728452337203825,0.3278657217378876
SYN-0502,0.19834552802633879,0.4244846371519314,0.5613254934937982,0.11053616139682843,0.0346758410061222,0.20375360827487457,0.21050059049728032,0.01,0.2569805806104381,0.5970158245994178,0.27639542652209004,0.34349581326428413,0.4315233126398178,0.5771057579957932,0.5531920233627513,0.6195921238195773,0.6282117788607328,0.3024608006830908,0.3430722781165033,0.4537077167927192,0.7887667765633787,0.23279020489465857,0.10934700138557556,0.3427604079374832,0.38137481071981494,0.9025770166480598,0.061371264553708726,0.5412711655265072,0.32857768519632347,0.486339686376954,0.46859421148007896,0.15481539572828484,0.33644975064146665,0.3372699050562025,0.2054514181250606
SYN-0503,0.01,0.05773278759446511,0.564204232357755,0.36717783359198275,0.42399956256720067,0.4504260225608713,0.08457445544365705,0.01,0.2717780696457075,0.4954911730009916,0.26273284456290563,0.770677037022522,0.5545216842833549,0.6507546519666979,0.4142573102671254,0.339753175916096,0.6013732730346916,0.6663135466552379,0.28708596182734186,0.5015072149002308,0.5232047790193431,0.24668059068208578,0.4842468608038287,0.40835554585768885,0.1696583105572183,0.49883002724724784,0.28453885048116123,0.4314065951562383,0.26130754220669256,0.3697589694632527,0.7162711650763937,0.3251026350077362,0.2706960024955172,0.4386478335400261,0.20751791664094882
SYN-0504,0.1707889682362648,0.01,0.4212507582413514,0.1888180539898275,0.01,0.10137188713174317,0.07783938587244374,0.16271307983559374,0.3842741652100131,0.23991690727110934,0.3280391044400357,0.5683181569732351,0.489751342795577,0.49730142411860195,0.6377555888156955,0.5108702498737889,0.7481967621060419,0.42272819822045005,0.575617478348487,0.01,0.508114101939764,0.3648551077108553,0.01,0.7203656418561297,0.3240514081713447,0.39834214631977394,0.31006836367706647,0.49241361604064404,0.3790115086091641,0.05492034353603664,0.753962380402127,0.5612075185079459,0.3274445076397067,0.4021158539831225,0.027790524691581026
SYN-0505,0.01,0.01,0.2490526259884246,0.024119379876051138,0.01,0.01,0.02756215355068893,0.1178639732050566,0.10087059781740577,0.3639136293336852,0.01,0.17160085525695612,0.5455709711565645,0.3378520925708839,0.7200711585066666,0.29536242104997956,0.4528588557334747,0.7147150551562841,0.1656512491610161,0.08727476894011293,0.4481353521704299,0.26778351720918464,0.6164727873939486,0.8355740636905652,0.25219659093475477,0.6272475369918317,0.5323173396302741,0.24026989410053906,0.40230375935950946,0.43465868773090727,0.2208029156422438,0.22704554244887057,0.09859299530177124,0.33873465769587335,0.19576362922370485
SYN-0506,0.08567102582423117,0.01,0.3400373829609334,0.19644847232708926,0.08871196007995377,0.01,0.5287262938834214,0.19139370220048335,0.26050676181338384,0.10631292819814069,0.2610903748867627,0.01,0.5733285326443529,0.2947414850603828,0.6353254158207479,0.3646900373106545,0.4948200543393278,0.33330124968025654,0.13786483353378798,0.318870945684224,0.7412718540229436,0.21120820798405088,0.99,0.41139311685960006,0.21381301284282053,0.5932689455147654,0.01,0.6769486502987829,0.42515639051400633,0.31475247116886934,0.2904498597295002,0.4972449807829581,0.2675103598875922,0.4288794264684944,0.01
SYN-0507,0.99,0.99,0.6424575531584736,0.4228255814497115,0.1676877128316247,0.4330641144421529,0.6669996511689242,0.807787670137413,0.4525033649300821,0.25916466854693226,0.6394340007219764,0.89416609604275,0.6110287507482656,0.236355491594258,0.4837044148792977,0.7108193353450947,0.45412919584864886,0.6192807797426149,0.2201569541624935,0.42503666484095914,0.270767963204754,0.49027342746554325,0.3402387647554308,0.5311139583548871,0.3984339412170588,0.5648190282293442,0.01,0.7137278776866602,0.2939842058921363,0.39844311479698935,0.3023099212841393,0.41290135284545926,0.18575461828256945,0.12373299400826963,0.2874000433305066
SYN-0508,0.01,0.033737218586673,0.23870693830127174,0.4856579347185954,0.3213008467734595,0.16236302370634131,0.2601019442282164,0.01,0.18690451852694562,0.3090471576176107,0.380495511821038,0.5557284721038706,0.6417614839702551,0.10441697733709226,0.5609558541325904,0.09434525117882048,0.689439628583914,0.2502503916172245,0.48897844031420207,0.07253839014922067,0.6962615254796082,0.09399152659822127,0.46106637211077467,0.6754570748410659,0.3487782482619444,0.37987772435769573,0.403337823452836,0.539859080829568,0.6372427922390036,0.2415753390728583,0.3524289454669884,0.6081583016975829,0.12499776657045378,0.350887740069003,0.27732433715363447
SYN-0509,0.13344635238918665,0.10185141556689806,0.5139772189024502,0.6892799489692879,0.4163955967693504,0.5047031485926748,0.23241198127410864,0.1012753657080633,0.0983852827610692,0.6517589636942818,0.3086751055841952,0.7417170924252172,0.6082645221186487,0.16723027136786695,0.6010873236573964,0.4675844797663232,0.5875597688491304,0.3969513532840117,0.49902738915816275,0.08887666468776295,0.6093828743078509,0.5466018749436159,0.157406296998519,0.4755152567530815,0.01,0.716606385625237,0.18258771519237213,0.6047963912539995,0.27551785268990997,0.5068360282972191,0.5265482125713045,0.33716684760698074,0.292494439664325,0.15628268956876212,0.013737345238256482
SYN-0510,0.23175508414010926,0.6220345901831916,0.33128921084323293,0.2108119960930838,0.43736131967615755,0.3960466950802278,0.3360706459018218,0.3404794806419588,0.469596139576388,0.23988409317043335,0.5768923726479199,0.6458146963489702,0.24023643200118922,0.4057997961962327,0.3687492097802194,0.38224605358229863,0.6841585049567669,0.5182612391158257,0.40406903379049164,0.25259438413994884,0.7139672805565306,0.4642621409936424,0.01718439861575416,0.41430518482418827,0.3919408911083582,0.7034694080691108,0.18355053930684073,0.5540436031011622,0.25201853288090237,0.2134390716967459,0.3293741510973138,0.03786632075322954,0.01,0.2708240287715711,0.38089744324146135
SYN-0511,0.01,0.0522925646811995,0.28755014456789363,0.011597422437956875,0.36943429224302227,0.07533076493078103,0.35181209808871616,0.01,0.01,0.13203261334671323,0.3947396677821129,0.30096363601894616,0.5169018202315548,0.3494090772798138,0.5686115070982205,0.43024848098555646,0.5664024579415318,0.19810705292305858,0.33593204864426746,0.3500928924643627,0.2371112687276602,0.1686985559138574,0.49297944711845315,0.7076721899113589,0.11985145262225719,0.5525296566766021,0.12681908697527297,0.17808055072174345,0.31945389707433985,0.07070879272551486,0.26766175956253063,0.6802983636456734,0.3259291780572502,0.23088409725455356,0.10333324423397752
SYN-0512,0.01,0.01,0.01,0.09294077514844826,0.01,0.01,0.10915422869523711,0.01,0.01,0.21439241551551863,0.01,0.01,0.4169363779926279,0.45023304506802925,0.5082992255912332,0.2864717475608909,0.5541245193551583,0.49340357914178595,0.1323519489955593,0.10615009452248501,0.2696056369853652,0.12009388082012216,0.37210098320893226,0.36161489930697555,0.07480383664398665,0.35807311344080206,0.29834404845988,0.386777199395748,0.4766184099394163,0.03103208502867033,0.14744479897198565,0.44562673266453656,0.35635968679298213,0.09665553262386874,0.19710615750260907
SYN-0513,0.9002846769249317,0.99,0.7537954671842834,0.6331532095649957,0.6098417794942123,0.6179194684253732,0.99,0.33774847476517245,0.631642971373717,0.5281965835103348,0.3847356456027556,0.6901241107797351,0.7801755367668048,0.34428335770115803,0.8045509102453279,0.512308144274757,0.5771868919833868,0.2931138068307904,0.19926149967578735,0.4183991718841109,0.24633463935543692,0.18168142650790858,0.3111474696156219,0.8307834473597919,0.32544007165252625,0.49090379159402886,0.06783528813591379,0.6433178141092651,0.374264297293851,0.6682651407212175,0.6733433828533432,0.2527813664490058,0.3168459363668825,0.23505285702614087,0.11566281014374123
SYN-0514,0.01,0.01,0.14265322165356595,0.2794108421617427,0.011306885976713171,0.01,0.33210055778834124,0.2991664081670079,0.041423938968014544,0.16909095708776736,0.3093238281192844,0.03468916289493851,0.07201316048532008,0.41886274763190967,0.5308539096131076,0.3577109645988498,0.5343243269695344,0.6474243635664665,0.32055348041500986,0.01,0.6400287926554464,0.3078155824416913,0.30056877782730385,0.6247237576332568,0.3300449146526018,0.2013886191161649,0.5445632228726707,0.34943312833252627,0.4772913051447475,0.01,0.31212397381054563,0.24769051643723877,0.2628440248518046,0.15407574976701505,0.1551917094702484
SYN-0515,0.01,0.01,0.028665871664697307,0.05131623367771236,0.01,0.01,0.01,0.01,0.01,0.09616861858531084,0.382415597980975,0.1312448225646729,0.38784192379607935,0.5137212574622587,0.4234550761180646,0.13169178339405757,0.722642404409401,0.22759693235264694,0.4496287503937968,0.27562776457514476,0.6537885044141665,0.23532477601006996,0.5459572336619923,0.5873668569818407,0.4607769501767289,0.5337004949332156,0.07712918236736266,0.11287116137481468,0.3331716352270369,0.08994420973788853,0.361196750638418,0.5894478005739998,0.01,0.08721398448612214,0.21064648007290115
SYN-0516,0.01,0.01,0.27180984274461273,0.40238934092474826,0.03415303882348175,0.39575196755695574,0.13287756322845978,0.3582272222087693,0.21422200633223248,0.15347720252354513,0.19263844308085692,0.26797313356452523,0.3748866187239291,0.35984939074341693,0.72843393026293,0.19016980571856945,0.6232846650171844,0.34497065585834574,0.48239003277829423,0.3147843614939215,0.48900629114261324,0.5716316952902248,0.6560774121295273,0.556373739426331,0.544099284638582,0.6090452898174405,0.4998220777613065,0.6967021003328789,0.3619046285521978,0.551494305465912,0.4832441596404015,0.15609443380900648,0.29676470245988706,0.31792597851139803,0.06583208820610154
SYN-0517,0.6993949458060371,0.99,0.7194973026317493,0.3384864720134919,0.8140456569991084,0.37707272028696115,0.6442226071386108,0.8239917054223636,0.4132685023846815,0.1990591308345178,0.376953422600678,0.5220261778303391,0.576783376907847,0.5652039099257073,0.5596238543087299,0.7747828980289648,0.567172099311009,0.34852580045390785,0.08372601539369962,0.6171657417198775,0.1457498129099642,0.20157227442781048,0.4930694708946824,0.5006135162016396,0.08334197392407214,0.6106020268428559,0.01,0.6407575729508069,0.4689986068134748,0.34519607418966525,0.5661764318714699,0.2689345833984541,0.32374324159350987,0.16390388643386525,0.01
SYN-0518,0.31083395233678834,0.9784241519013399,0.39826899816281014,0.5253304766338492,0.6742695918703269,0.5792237881979921,0.6685435926463648,0.037413412117561995,0.5273310847174828,0.3309228674583602,0.32250135319409373,0.7190722851577829,0.40441135341884926,0.5300279053902865,0.8089927620463824,0.40675124829513387,0.665743776835539,0.4873788796029171,0.5848409483620651,0.11043161975809807,0.8700414332020652,0.2817130342129748,0.1868877391300712,0.42128557519772514,0.01,0.5414514374289628,0.1508290373348266,0.6895970049088656,0.5375340309633049,0.46708051606761525,0.6280659128625555,0.3437853646217863,0.5813121446164072,0.04292777541431661,0.17634751598687348
SYN-0519,0.7106092020848696,0.8831743618076848,0.5454040409255683,0.9154628333980894,0.3601136626148918,0.1600569989867941,0.7063396154902837,0.3756610349671933,0.5566316525672504,0.48962900916088753,0.3345073880058935,0.6575711438487718,0.48542725596267977,0.5762037716371227,0.3701995643412411,0.99,0.5023659199457499,0.2320727191006135,0.033896077846805706,0.7030915425918931,0.3784517934651733,0.470770040938362,0.6724754521034635,0.41771622267455116,0.5801103963710901,0.5819526687581418,0.5531261699921354,0.4275544991784891,0.2661733009391082,0.6096942332738289,0.5905022139385884,0.40066956893475647,0.5698959287073693,0.48048809704351236,0.1770651262576616
